サイレントメビウス香津美・リキュール-水着ジャケットver.-1/8完成品フィギュア[グリフォンエンタープライズ]《未定月予約※暫定》,,,,,商品コード,FIGURE-000677,発売日,１６年未定,ブランド名,グリフォンエンタープライズ,,,,,原作名,サイレントメビウス,,,キャラ名,香津美・リキュール,,,造型師,roko, 
サイレントメビウスキディ・フェニル-水着ジャケットver.-1/8完成品フィギュア[グリフォンエンタープライズ]《未定月予約》,,,,,商品コード,FIGURE-000678,発売日,１６年未定,ブランド名,グリフォンエンタープライズ,,,,,原作名,サイレントメビウス,,,キャラ名,キディ・フェニル,,,造型師,BTA, 
Fate/staynightセイバー1/7完成品フィギュア[グリフォンエンタープライズ]《未定月予約》,,,,,商品コード,FIGURE-002014,発売日,１６年未定,ブランド名,グリフォンエンタープライズ,,,,,原作名,Fate/stay night,『Fate』シリーズ,,キャラ名,セイバー(アルトリア・ペンドラゴン),,,造型師,榊馨,
装甲悪鬼村正三世村正1/7完成品フィギュア（再販）[ウイング]《０８月予約》,,,,,商品コード,FIGURE-005493-S001,発売日,１６年０８月未定,,,,,,,原作名,装甲悪鬼村正,,,キャラ名,三世村正,,,造型師,絵里子[新居興業], 
ナノリッチVCデート・ア・ライブII時崎狂三可動フィギュア[グリフォンエンタープライズ]《未定月予約》,,,,,商品コード,FIGURE-006808,発売日,１６年未定,,,,シリーズ名,ナノリッチVC(ボイスコレクション),,原作名,デート・ア・ライブII,『デート・ア・ライブ』シリーズ,,キャラ名,時崎狂三,,,造型師,Knead,
エヴァンゲリヲン新劇場版：破式波・アスカ・ラングレー【テスト用プラグスーツVer.】1/7完成品フィギュア（再販）[アイズ・プロジェクト]《０６月予約※暫定》,,,,,商品コード,FIGURE-007408-S001,発売日,１６年０６月未定,ブランド名,AIZU PROJECT(アイズ・プロジェクト),,,,,原作名,『ヱヴァンゲリヲン新劇場版』シリーズ,『エヴァンゲリオン』シリーズ,,キャラ名,惣流・アスカ・ラングレー(式波・アスカ・ラングレー),,,造型師,メガテクボディ,
1/10ガールズ＆パンツァー西住みほ-水着ver.-未塗装組立キット（再販）[プラッツ]《１１月予約※暫定》,,,,,商品コード,FIGURE-007709-S001,発売日,１５年１１月未定,ブランド名,Platz(プラッツ),,,,,原作名,ガールズ＆パンツァー,,,キャラ名,西住みほ,,,造型師,チェリー[Studio Respown], 
figmaファイアーエムブレム覚醒ルキナ（再販）[グッドスマイルカンパニー]《０８月予約》,,,,,商品コード,FIGURE-009329-S001,発売日,１６年０８月未定,ブランド名,グッドスマイルカンパニー,,シリーズ名,figmaシリーズ,figma(フィグマ),原作名,ファイアーエムブレム 覚醒,『ファイアーエムブレム』シリーズ,,キャラ名,,,,,,
フレームアームズ・ガール轟雷プラモデル（再販）[コトブキヤ]《０７月予約》,,,,,商品コード,FIGURE-009639-S002,発売日,１６年０７月未定,ブランド名,KOTOBUKIYA(コトブキヤ),,シリーズ名,フレームアームズ,フレームアームズ・ガール,原作名,フレームアームズ,,,キャラ名,轟雷,,,,,
Fate/Apocrypha“赤”のセイバー-モードレッド-1/7完成品フィギュア（再販）[アクアマリン]《０９月予約》,,,,,商品コード,FIGURE-010569-S001,発売日,１６年０９月未定,ブランド名,アクアマリン,,,,,原作名,Fate/Apocrypha,『Fate』シリーズ,,キャラ名,セイバー(モードレッド),,,造型師,ゆきうさ,
艦隊これくしょん-艦これ-時雨改二1/8完成品フィギュア（再販）[グッドスマイルカンパニー]《０９月予約》,,,,,商品コード,FIGURE-010758-S001,発売日,１６年０９月未定,ブランド名,グッドスマイルカンパニー,,,,,原作名,艦隊これくしょん -艦これ-,,,キャラ名,時雨,,,造型師,sai[Knead], 
艦隊これくしょん-艦これ-雷-アニメver.-1/8完成品フィギュア（再販）[コトブキヤ]《０９月予約》,,,,,商品コード,FIGURE-010942-S001,発売日,１６年０９月未定,ブランド名,KOTOBUKIYA(コトブキヤ),,,,,原作名,艦隊これくしょん -艦これ-,,,キャラ名,雷,,,造型師,中邨拓智, 
艦隊これくしょん-艦これ-電-アニメver.-1/8完成品フィギュア（再販）[コトブキヤ]《１０月予約》,,,,,商品コード,FIGURE-011068-S001,発売日,１６年１０月未定,ブランド名,KOTOBUKIYA(コトブキヤ),,,,,原作名,艦隊これくしょん -艦これ-,,,キャラ名,電,,,造型師,尊成, 
LittleArmory-OP03：figma専用タクティカルグローブ「ステルスブラック」（再販）[トミーテック]《０８月予約》,,,,,商品コード,FIGURE-011371-S002,発売日,１６年０８月未定,ブランド名,タカラトミー,トミーテック,シリーズ名,figmaシリーズ,figma(フィグマ),原作名,リトルアーモリー,,,,,,,造型師,,
俺の妹がこんなに可愛いわけがない。黒猫・縞MIZUGIねこみみver.1/4完成品フィギュア[オルカトイズ]《０９月予約》,,,,,商品コード,FIGURE-011716,発売日,１６年０９月未定,ブランド名,ORCATOYS(オルカトイズ),,,,,原作名,俺の妹がこんなに可愛いわけがない。,俺の妹がこんなに可愛いわけがない,,キャラ名,黒猫(五更瑠璃),,,造型師,阿部まさと,
デビルマンシレーヌ-恍惚の妖鳥-完成品フィギュア[オルカトイズ]【同梱不可】【送料無料】《０７月予約》,備考,※商品形態等の都合上、他の商品との同梱発送はできません。※代引手数料等、一部の決済手数料はご負担いただきます。,,,商品コード,FIGURE-011801,発売日,１６年０７月未定,ブランド名,ORCATOYS(オルカトイズ),,,,,原作名,デビルマン,,,キャラ名,シレーヌ,,,造型師,,
ウルトラ怪獣擬人化計画feat.POP宇宙忍者バルタン星人完成品フィギュア[グリフォンエンタープライズ]《未定月予約※暫定》,,,,,商品コード,FIGURE-011885,発売日,１６年未定,ブランド名,グリフォンエンタープライズ,,シリーズ名,ウルトラ怪獣擬人化計画 feat.POP,,原作名,ウルトラ怪獣擬人化計画,『ウルトラマン』シリーズ,,キャラ名,バルタン星人,,,,,
ウルトラ怪獣擬人化計画feat.POP宇宙恐竜ゼットン完成品フィギュア(初回特典：限定カードシリアルコード)[グリフォンエンタープライズ]《未定月予約》,,,,,商品コード,FIGURE-011886,発売日,１６年未定,ブランド名,グリフォンエンタープライズ,,シリーズ名,ウルトラ怪獣擬人化計画 feat.POP,,原作名,ウルトラ怪獣擬人化計画,『ウルトラマン』シリーズ,,キャラ名,ゼットン,,,,,
一騎当千ExtravaganzaEpoch趙雲子龍・Bunnyスペシャル1/6完成品フィギュア[オルカトイズ]《０７月予約》,,,,,商品コード,FIGURE-012312,発売日,１６年０７月未定,ブランド名,ORCATOYS(オルカトイズ),,,,,原作名,一騎当千 Extravaganza Epoch,,,キャラ名,趙雲子龍,,,造型師,高橋剛[一期栄華一杯酒], 
IS〈インフィニット・ストラトス〉ブルー・ティアーズセシリア・オルコット1/8完成品フィギュア[あみあみ]【送料無料】《０７月予約》,備考,※あみあみ限定特典は付きません。※他の商品と同梱発送になる場合は別途送料が発生いたします。※代引手数料等、一部の決済手数料はご負担いただきます。,,,商品コード,FIGURE-012819,発売日,１６年０７月未定,ブランド名,大網(オオアミ),あみあみ,,,,原作名,IS〈インフィニット・ストラトス〉,『IS〈インフィニット・ストラトス〉』シリーズ,,キャラ名,,,,,,
,,,,,,,,,,,,,,,,,,,,,,,,,
四月は君の嘘宮園かをり1/8完成品フィギュア（再販）[グッドスマイルカンパニー]《１０月予約》,,,,,商品コード,FIGURE-012863-S001,発売日,１６年１０月未定,ブランド名,グッドスマイルカンパニー,,,,,原作名,四月は君の嘘,,,キャラ名,宮園かをり,,,造型師,ちかい[Windflower], 
キューポッシュガールズ＆パンツァー西住みほ可動フィギュア（再販）[コトブキヤ]《０８月予約》,,,,,商品コード,FIGURE-013165-S001,発売日,１６年０８月未定,ブランド名,KOTOBUKIYA(コトブキヤ),,シリーズ名,キューポッシュ,,原作名,ガールズ＆パンツァー,『ガールズ＆パンツァー』シリーズ,,キャラ名,西住みほ,,,,,
1/35ガールズ＆パンツァーあんこうチームフィギュアセットお掃除バージョンです！未塗装キット（再販）[プラッツ]《０６月予約》,,,,,商品コード,FIGURE-013424-S001,発売日,１６年０６月未定,ブランド名,Platz(プラッツ),,,,,原作名,ガールズ＆パンツァー,『ガールズ＆パンツァー』シリーズ,,キャラ名,西住みほ,秋山優花里,五十鈴華,,,
うるし原智志著「姦」春野麗・HarunoUrara-姦-CoverGirl1/6完成品フィギュア[花畑と美少女]《０７月予約※暫定》,,,,,商品コード,FIGURE-013592,発売日,１６年０７月未定,ブランド名,花畑と美少女,,,,,原作名,姦,,,キャラ名,春野麗,,,造型師,川崎和史, 
キャラクター・ボーカル・シリーズ01初音ミクグレイテスト・アイドルVer.1/8完成品フィギュア[グッドスマイルカンパニー]《０６月予約》,,,,,商品コード,FIGURE-013610,発売日,１６年０６月未定,ブランド名,グッドスマイルカンパニー,,,,,原作名,『VOCALOID』シリーズ,,,キャラ名,初音ミク,,,造型師,ATOMICBOM SUZUKI, 
ToHeart2ダンジョントラベラーズファイターささらLimitedgrade1/6完成品フィギュア[オルカトイズ]《０７月予約》,,,,,商品コード,FIGURE-013676,発売日,１６年０７月未定,ブランド名,ORCATOYS(オルカトイズ),,,,,原作名,ToHeart2 ダンジョントラベラーズ,『ダンジョントラベラーズ』シリーズ,,キャラ名,久寿川ささら,,,造型師,白髪隆行,
七つの大罪魔王黙示録強欲の章銃弑ウエスタン水着ノ節1/7完成品フィギュア[オーキッドシード]《０６月予約》,,,,,商品コード,FIGURE-013730,発売日,１６年０６月未定,ブランド名,オーキッドシード,,,,,原作名,七つの大罪,,,キャラ名,マモン,,,造型師,タナカマサノリ[ジェットストリーム], 
ウルトラ怪獣擬人化計画マグマ星人　完成品フィギュア[サプライズネクスト]《０６月予約※暫定》,,,,,商品コード,FIGURE-013799,発売日,１６年０６月未定,ブランド名,サプライズネクスト,,,,,原作名,ウルトラ怪獣擬人化計画,『ウルトラマン』シリーズ,,キャラ名,マグマ星人,,,造型師,サプライズネクスト,
リアルアクションヒーローズNo.740RAHFate/EXTRACCCセイバー・ブライド[メディコム・トイ]【送料無料】《０７月予約》,備考,※他の商品と同梱発送になる場合は別途送料が発生いたします。※代引手数料等、一部の決済手数料はご負担いただきます。,,,商品コード,FIGURE-013898,発売日,１６年０７月未定,ブランド名,メディコム・トイ,,シリーズ名,リアルアクションヒーローズ,,原作名,Fate/EXTRA CCC,『Fate』シリーズ,,,,,,,,
リアルアクションヒーローズNo.741RAHMGM劇場版魔法少女まどか☆マギカ百江なぎさ[メディコム・トイ]【送料無料】《０７月予約》,備考,※他の商品と同梱発送になる場合は別途送料が発生いたします。※代引手数料等、一部の決済手数料はご負担いただきます。,,,商品コード,FIGURE-013899,発売日,１６年０７月未定,ブランド名,メディコム・トイ,,シリーズ名,リアルアクションヒーローズ,,原作名,劇場版 魔法少女まどか☆マギカ [新編]叛逆の物語,魔法少女まどか☆マギカ,,,,,,,,
蒼き鋼のアルペジオ-アルス・ノヴァ-霧くまsイオナ完成品フィギュア[ファット・カンパニー]《０６月予約》,,,,,商品コード,FIGURE-014135,発売日,１６年０６月未定,ブランド名,ファット・カンパニー,,,,,原作名,蒼き鋼のアルペジオ -アルス・ノヴァ-,『蒼き鋼のアルペジオ』シリーズ,,キャラ名,イオナ(イ401),,,造型師,HIRO[ATELIER HIRO],
蒼き鋼のアルペジオ-アルス・ノヴァ-霧くまsキリシマ完成品フィギュア[ファット・カンパニー]《０６月予約》,,,,,商品コード,FIGURE-014136,発売日,１６年０６月未定,ブランド名,ファット・カンパニー,,,,,原作名,蒼き鋼のアルペジオ -アルス・ノヴァ-,『蒼き鋼のアルペジオ』シリーズ,,キャラ名,キリシマ(ヨタロウ),,,造型師,HIRO[ATELIER HIRO],
TERAエリーンバーサーカー完成品フィギュア[フレア]《０６月予約》,,,,,商品コード,FIGURE-014183,発売日,１６年０６月未定,ブランド名,フレア,,,,,原作名,TERA,,,キャラ名,エリーン,,,造型師,French Doll[Cerberus Project TM], 
楽園追放-ExpelledfromParadise-アンジェラ・バルザック1/7完成品フィギュア[ファット・カンパニー]《０６月予約》,,,,,商品コード,FIGURE-014193,発売日,１６年０６月未定,ブランド名,ファット・カンパニー,,シリーズ名,ファット・カンパニー 1/7 完成品フィギュア,,原作名,楽園追放 Expelled from Paradise,,,キャラ名,アンジェラ バルザック,フロンティアセッター,,,,
がっこうぐらし！丈槍由紀(ゆき)完成品フィギュア[ディ・モールトベネ]《０８月予約》,,,,,商品コード,FIGURE-014277,発売日,１６年０８月未定,ブランド名,ディ・モールト ベネ,,,,,原作名,がっこうぐらし！,,,キャラ名,丈槍由紀,,,造型師,魔王, 
ばくおん！！鈴乃木凜＆GSX400Sカタナ1/10完成品フィギュア[ファット・カンパニー]《０６月予約》,,,,,商品コード,FIGURE-014421,発売日,１６年０６月未定,ブランド名,ファット・カンパニー,,シリーズ名,ファット・カンパニー 1/7 完成品フィギュア,,原作名,ばくおん!!,,,キャラ名,鈴乃木凜,,,造型師,,
食戟のソーマ薙切えりな1/8完成品フィギュア[グッドスマイルカンパニー]《０６月予約》,,,,,商品コード,FIGURE-014553,発売日,１６年０６月未定,ブランド名,グッドスマイルカンパニー,,,,,原作名,食戟のソーマ,,,キャラ名,薙切えりな,,,造型師,根本克昭, 
キャラクター・ボーカル・シリーズ02鏡音リンTonyVer.1/7完成品フィギュア[マックスファクトリー]《０７月予約》,,,,,商品コード,FIGURE-014651,発売日,１６年０７月未定,ブランド名,マックスファクトリー,,,,,原作名,『VOCALOID』シリーズ,,,キャラ名,鏡音リン,,,造型師,智恵理[マックスファクトリー], 
キャラクター・ボーカル・シリーズ02鏡音レンTonyVer.1/7完成品フィギュア[マックスファクトリー]《０７月予約》,,,,,商品コード,FIGURE-014652,発売日,１６年０７月未定,ブランド名,マックスファクトリー,,,,,原作名,『VOCALOID』シリーズ,,,キャラ名,鏡音レン,,,造型師,智恵理[マックスファクトリー], 
ちょこすたDRACU-RIOT！エリナ・オレゴヴナ・アヴェーン完成品フィギュア[ブロッコリー]《０７月予約》,,,,,商品コード,FIGURE-014669,発売日,１６年０７月未定,ブランド名,ブロッコリー,,シリーズ名,ちょこすた,,原作名,DRACU-RIOT！,,,キャラ名,エリナ・オレゴヴナ・アヴェーン,,,造型師,,
【あみあみ限定特典】ちょこすたDRACU-RIOT！エリナ・オレゴヴナ・アヴェーン完成品フィギュア[ブロッコリー]《０７月予約》,備考,※あみあみ限定特典が付きます。,,,商品コード,FIGURE-014670,発売日,１６年０７月未定,ブランド名,ブロッコリー,,シリーズ名,ちょこすた,,原作名,DRACU-RIOT！,,,キャラ名,,,,,,
ちょこすた天色*アイルノーツシャーリィ・ウォリック完成品フィギュア[ブロッコリー]《０７月予約》,,,,,商品コード,FIGURE-014671,発売日,１６年０７月未定,ブランド名,ブロッコリー,,シリーズ名,ちょこすた,,原作名,天色＊アイルノーツ,,,キャラ名,シャーリィ・ウォリック,,,造型師,,
【あみあみ限定特典】ちょこすた天色*アイルノーツシャーリィ・ウォリック完成品フィギュア[ブロッコリー]《０７月予約》,備考,※あみあみ限定特典が付きます。,,,商品コード,FIGURE-014672,発売日,１６年０７月未定,ブランド名,ブロッコリー,,シリーズ名,ちょこすた,,原作名,天色＊アイルノーツ,,,キャラ名,,,,,,
ちょこすた超次元ゲイムネプテューヌネプギア完成品フィギュア[ブロッコリー]《０７月予約》,,,,,商品コード,FIGURE-014673,発売日,１６年０７月未定,ブランド名,ブロッコリー,,シリーズ名,ちょこすた,,原作名,超次元ゲイム ネプテューヌ,『ネプテューヌ』シリーズ,,キャラ名,ネプギア(パープルシスター),,,,,
【あみあみ限定特典】ちょこすた超次元ゲイムネプテューヌネプギア完成品フィギュア[ブロッコリー]《０７月予約》,備考,※あみあみ限定特典が付きます。,,,商品コード,FIGURE-014674,発売日,１６年０７月未定,ブランド名,ブロッコリー,,シリーズ名,ちょこすた,,原作名,超次元ゲイム ネプテューヌ,『ネプテューヌ』シリーズ,,,,,,,,
えろいど引き出しの中の彼女りのちゃん完成品フィギュア[ダイキ工業]《０６月予約》,,,,,商品コード,FIGURE-014693,発売日,１６年０６月未定,ブランド名,ダイキ工業,,シリーズ名,えろいど,,原作名,えろいど,,,キャラ名,りの,,,造型師,,
Fate/EXTRACCCセイバー・ブライド1/7完成品フィギュア[グッドスマイルカンパニー]《０６月予約》,,,,,商品コード,FIGURE-014707,発売日,１６年０６月未定,ブランド名,グッドスマイルカンパニー,,,,,原作名,Fate/EXTRA CCC,『Fate』シリーズ,,キャラ名,セイバー(ネロ・クラウディウス),,,造型師,ゆま[スワンボートのスーザ],
ラブライブ！スクールアイドルフェスティバル矢澤にこ1/7完成品フィギュア[アルター]《０６月予約》,,,,,商品コード,FIGURE-014713,発売日,１６年０６月未定,ブランド名,ALTER(アルター),,,,,原作名,ラブライブ！スクールアイドルフェスティバル,『ラブライブ！』シリーズ,,キャラ名,矢澤にこ,,,造型師,タカク＆タケシ,
城姫クエスト会津若松城1/7完成品フィギュア[双翼社]《０７月予約》,,,,,商品コード,FIGURE-014749,発売日,１６年０７月未定,ブランド名,双翼社,,,,,原作名,城姫クエスト,,,キャラ名,会津若松城,,,造型師,双翼社, 
一騎当千ExtravaganzaEpoch趙雲子龍・BunnyスペシャルTYPER1/6完成品フィギュア[オルカトイズ]《０７月予約※暫定》,,,,,商品コード,FIGURE-014882,発売日,１６年０７月未定,ブランド名,ORCATOYS(オルカトイズ),,,,,原作名,一騎当千 Extravaganza Epoch,『一騎当千』シリーズ,,キャラ名,趙雲子龍,,,造型師,高橋剛[一期栄華一杯酒],
キャラクター・ボーカル・シリーズ01初音ミクmebaeVer.1/7完成品フィギュア[マックスファクトリー]《０６月予約》,,,,,商品コード,FIGURE-014996,発売日,１６年０６月未定,ブランド名,マックスファクトリー,,,,,原作名,『VOCALOID』シリーズ,,,キャラ名,初音ミク,,,造型師,シャイニングウィザード＠沢近[マックスファクトリー], 
ガールズ＆パンツァー秋山優花里完成品フィギュア[フレア]《０６月予約》,,,,,商品コード,FIGURE-015026,発売日,１６年０６月未定,ブランド名,フレア,,,,,原作名,ガールズ＆パンツァー,『ガールズ＆パンツァー』シリーズ,,キャラ名,秋山優花里,,,造型師,French Doll(Cerberus Project TM)+SIC,
ねんどろいどガールズ＆パンツァー五十鈴華[グッドスマイルカンパニー]《０６月予約》,,,,,商品コード,FIGURE-015030,発売日,１６年０６月未定,ブランド名,グッドスマイルカンパニー,,シリーズ名,『ねんどろいど』シリーズ,ねんどろいど,原作名,ガールズ＆パンツァー,『ガールズ＆パンツァー』シリーズ,,キャラ名,,,,,,
ねんどろいどガールズ＆パンツァー冷泉麻子[グッドスマイルカンパニー]《０６月予約》,,,,,商品コード,FIGURE-015031,発売日,１６年０６月未定,ブランド名,グッドスマイルカンパニー,,シリーズ名,『ねんどろいど』シリーズ,ねんどろいど,原作名,ガールズ＆パンツァー,『ガールズ＆パンツァー』シリーズ,,キャラ名,,,,,,
ウルトラ怪獣擬人化計画ベムスター〈改造〉完成品フィギュア[サプライズネクスト]《０７月予約※暫定》,,,,,商品コード,FIGURE-015074,発売日,１６年０７月未定,ブランド名,サプライズネクスト,,シリーズ名,ウルトラ怪獣擬人化計画シリーズ フィギュアコレクション,,原作名,ウルトラ怪獣擬人化計画,『ウルトラマン』シリーズ,,キャラ名,ベムスター,,,,,
織田nonイラスト九条しほ1/6完成品フィギュア[ダイキ工業]《０６月予約》,備考,※あみあみ限定特典は付きません。,,,商品コード,FIGURE-015092,発売日,１６年０６月未定,ブランド名,ダイキ工業,,,,,原作名,≪オリジナルキャラクター：織田non≫,,,キャラ名,九条しほ,,,造型師,,
巨乳ファンタジー外伝シャムシェル巨乳幻想ver.1/6完成品フィギュア（再販）[レチェリー]《０７月予約》,備考,※あみあみ限定特典は付きません。,,,商品コード,FIGURE-015127-S001,発売日,１６年０７月未定,ブランド名,マベル,LECHERY(レチェリー),,,,原作名,巨乳ファンタジー外伝,巨乳ファンタジー,,キャラ名,,,,,,
キューティーハニーInfinitePremium1/6完成品フィギュア[オルカトイズ]《０７月予約》,,,,,商品コード,FIGURE-015151,発売日,１６年０７月未定,ブランド名,ORCATOYS(オルカトイズ),,,,,原作名,キューティーハニー,永井豪,,キャラ名,如月ハニー(キューティーハニー),,,造型師,藤井たかし,
ミディッチュ艦隊これくしょん-艦これ-瑞鳳完成品フィギュア[ファット・カンパニー]《０７月予約》,,,,,商品コード,FIGURE-015227,発売日,１６年０７月未定,ブランド名,ファット・カンパニー,,シリーズ名,ミディッチュ,,原作名,艦隊これくしょん -艦これ-,,,キャラ名,瑞鳳,,,造型師,,
ハイスクールD×DBorN塔城小猫バニーVer.1/4完成品フィギュア[フリーイング]《０６月予約》,,,,,商品コード,FIGURE-015228,発売日,１６年０６月未定,ブランド名,FREEing(フリーイング),,,,,原作名,ハイスクールD×D BorN,『ハイスクールD×D』シリーズ,,キャラ名,塔城小猫,,,造型師,FREEing,
BASTARD！！-暗黒の破壊神-シーン・ハリ1/7完成品フィギュア[オーキッドシード]《０７月予約※暫定》,,,,,商品コード,FIGURE-015253,発売日,１６年０７月未定,ブランド名,オーキッドシード,,,,,原作名,BASTARD！！,,,キャラ名,シーン・ハリ,,,造型師,石山智, 
,,,,,,,,,,,,,,,,,,,,,,,,,
【特典】シャイニング・レゾナンスソニア・ブランシュ1/7完成品フィギュア[アルファマックス]《０６月予約》,備考,※あみあみ限定特典は付きません。,,,商品コード,FIGURE-015327,発売日,１６年０６月未定,ブランド名,アルファマックス,,,,,原作名,シャイニング・レゾナンス,『シャイニング』シリーズ,,キャラ名,ソニア・ブランシュ,,,,,
サノバウィッチ綾地寧々1/7完成品フィギュア[ブロッコリー]《０６月予約》,備考,※あみあみ限定特典は付きません。,,,商品コード,FIGURE-015328,発売日,１６年０６月未定,ブランド名,ブロッコリー,,,,,原作名,サノバウィッチ,,,キャラ名,綾地寧々,,,造型師,,
【あみあみ限定特典】サノバウィッチ綾地寧々1/7完成品フィギュア[ブロッコリー]《０６月予約》,備考,※あみあみ限定特典が付きます。,,,商品コード,FIGURE-015329,発売日,１６年０６月未定,ブランド名,ブロッコリー,,,,,原作名,サノバウィッチ,,,キャラ名,綾地寧々,,,造型師,,
〈物語〉シリーズセカンドシーズン千石撫子メドゥーサVer.1/8完成品フィギュア[グッドスマイルカンパニー]《０６月予約》,,,,,商品コード,FIGURE-015332,発売日,１６年０６月未定,ブランド名,グッドスマイルカンパニー,,,,,原作名,『〈物語〉』シリーズ セカンドシーズン,『〈物語〉』シリーズ,,キャラ名,千石撫子,,,造型師,まんぞくマモル[Knead],
ちょこすた超次元ゲイムネプテューヌブラックハート完成品フィギュア[ブロッコリー]《０８月予約》,備考,※あみあみ限定特典は付きません。,,,商品コード,FIGURE-015336,発売日,１６年０８月未定,ブランド名,ブロッコリー,,シリーズ名,ちょこすた,,原作名,超次元ゲイム ネプテューヌ,『ネプテューヌ』シリーズ,,,,,,,,
【あみあみ限定特典】ちょこすた超次元ゲイムネプテューヌブラックハート完成品フィギュア[ブロッコリー]《０８月予約》,備考,※あみあみ限定特典が付きます。,,,商品コード,FIGURE-015337,発売日,１６年０８月未定,ブランド名,ブロッコリー,,シリーズ名,ちょこすた,,原作名,超次元ゲイム ネプテューヌ,『ネプテューヌ』シリーズ,,,,,,,,
ちょこすたDRACU-RIOT！矢来美羽完成品フィギュア[ブロッコリー]《０８月予約》,備考,※あみあみ限定特典は付きません。,,,商品コード,FIGURE-015338,発売日,１６年０８月未定,ブランド名,ブロッコリー,,シリーズ名,ちょこすた,,原作名,DRACU-RIOT！,,,キャラ名,,,,,,
【あみあみ限定特典】ちょこすたDRACU-RIOT！矢来美羽完成品フィギュア[ブロッコリー]《０８月予約》,備考,※あみあみ限定特典が付きます。,,,商品コード,FIGURE-015339,発売日,１６年０８月未定,ブランド名,ブロッコリー,,シリーズ名,ちょこすた,,原作名,DRACU-RIOT！,,,キャラ名,,,,,,
ちょこすた天色*アイルノーツ真咲・ガイヤール完成品フィギュア[ブロッコリー]《０８月予約》,備考,※あみあみ限定特典は付きません。,,,商品コード,FIGURE-015340,発売日,１６年０８月未定,ブランド名,ブロッコリー,,シリーズ名,ちょこすた,,原作名,天色＊アイルノーツ,,,キャラ名,,,,,,
【あみあみ限定特典】ちょこすた天色*アイルノーツ真咲・ガイヤール完成品フィギュア[ブロッコリー]《０８月予約》,備考,※あみあみ限定特典が付きます。,,,商品コード,FIGURE-015341,発売日,１６年０８月未定,ブランド名,ブロッコリー,,シリーズ名,ちょこすた,,原作名,天色＊アイルノーツ,,,キャラ名,,,,,,
デビルマンシレーヌ-恍惚の妖鳥-Bloodofbeauty完成品フィギュア[オルカトイズ]【同梱不可】【送料無料】《０５月予約※暫定》,備考,※商品形態等の都合上、他の商品との同梱発送はできません。※代引手数料等、一部の決済手数料はご負担いただきます。,,,商品コード,FIGURE-015344,発売日,１６年０５月未定,ブランド名,ORCATOYS(オルカトイズ),,,,,原作名,デビルマン,永井豪,,キャラ名,シレーヌ,,,,,
【あみあみ限定特典】織田nonイラスト九条しほ1/6完成品フィギュア[ダイキ工業]《０６月予約》,備考,※あみあみ限定特典が付きます。,,,商品コード,FIGURE-015368,発売日,１６年０６月未定,ブランド名,ダイキ工業,,,,,原作名,≪オリジナルキャラクター：織田non≫,≪オリジナルキャラクター≫,,キャラ名,九条しほ,,,,,
フレームアームズ・ガールアーキテクトプラモデル（再販）[コトブキヤ]《０７月予約》,,,,,商品コード,FIGURE-015377-S001,発売日,１６年０７月未定,ブランド名,KOTOBUKIYA(コトブキヤ),,シリーズ名,フレームアームズ,フレームアームズ・ガール,原作名,フレームアームズ,,,キャラ名,アーキテクト,,,,,
【あみあみ限定特典】【特典】シャイニング・レゾナンスソニア・ブランシュ1/7完成品フィギュア[アルファマックス]《０６月予約》,備考,※あみあみ限定特典が付きます。,,,商品コード,FIGURE-015382,発売日,１６年０６月未定,ブランド名,アルファマックス,,,,,原作名,シャイニング・レゾナンス,『シャイニング』シリーズ,,キャラ名,ソニア・ブランシュ,,,,,
コメット・ルシファーフェリア1/7完成品フィギュア[グッドスマイルカンパニー]《０８月予約》,,,,,商品コード,FIGURE-015391,発売日,１６年０８月未定,ブランド名,グッドスマイルカンパニー,,,,,原作名,コメット・ルシファー,,,キャラ名,フェリア,,,造型師,加藤学, 
アイドルマスターシンデレラガールズアナスタシアLOVELAIKAVer.1/8完成品フィギュア[ファット・カンパニー]《０７月予約》,,,,,商品コード,FIGURE-015393,発売日,１６年０７月未定,ブランド名,ファット・カンパニー,,シリーズ名,ファット・カンパニー 1/8 完成品フィギュア,,原作名,THE IDOLM＠STER シンデレラガールズ,『THE IDOLM＠STER』シリーズ,,キャラ名,アナスタシア,,,,,
figmaカードキャプターさくら大道寺知世[マックスファクトリー]《０６月予約》,,,,,商品コード,FIGURE-015479,発売日,１６年０６月未定,ブランド名,マックスファクトリー,,シリーズ名,figmaシリーズ,figma(フィグマ),原作名,カードキャプターさくら,,,キャラ名,大道寺知世,,,,,
蒼き鋼のアルペジオメンタルモデルタカオバニーstyle1/8完成品フィギュア[キューズQ]《０７月予約》,備考,※あみあみ限定特典は付きません。,,,商品コード,FIGURE-015500,発売日,１６年０７月未定,ブランド名,キューズQ,,,,,原作名,蒼き鋼のアルペジオ -アルス・ノヴァ-,『蒼き鋼のアルペジオ』シリーズ,,キャラ名,タカオ,,,,,
【あみあみ限定特典】蒼き鋼のアルペジオメンタルモデルタカオバニーstyle1/8完成品フィギュア[キューズQ]《０７月予約》,備考,※あみあみ限定特典が付きます。,,,商品コード,FIGURE-015501,発売日,１６年０７月未定,ブランド名,キューズQ,,,,,原作名,蒼き鋼のアルペジオ -アルス・ノヴァ-,『蒼き鋼のアルペジオ』シリーズ,,キャラ名,タカオ,,,,,
ノーゲーム・ノーライフ白水着style1/7完成品フィギュア[アクアマリン]《０６月予約》,,,,,商品コード,FIGURE-015544,発売日,１６年０６月未定,ブランド名,アクアマリン,,,,,原作名,ノーゲーム・ノーライフ,,,キャラ名,白,,,造型師,ぱっとん, 
Y-STYLEシュタインズ・ゲート牧瀬紅莉栖浴衣Ver.1/8完成品フィギュア[フリーイング]《０６月予約》,,,,,商品コード,FIGURE-015614,発売日,１６年０６月未定,ブランド名,FREEing(フリーイング),,シリーズ名,Y-STYLE,,原作名,Steins；Gate,『科学アドベンチャー』シリーズ,,キャラ名,牧瀬紅莉栖,,,,,
フリージングヴァイブレーションサテライザー=エル=ブリジットver.ボンテージ1/6完成品フィギュア[オルカトイズ]《０７月予約》,,,,,商品コード,FIGURE-015624,発売日,１６年０７月未定,ブランド名,ORCATOYS(オルカトイズ),,,,,原作名,フリージング ヴァイブレーション,フリージング,,キャラ名,サテライザー＝エル＝ブリジット,,,造型師,エルドラモデル,
艦隊これくしょん-艦これ-高雄1/8完成品フィギュア[キューズQ]《０７月予約》,,,,,商品コード,FIGURE-015625,発売日,１６年０７月未定,ブランド名,キューズQ,,,,,原作名,艦隊これくしょん -艦これ-,,,キャラ名,高雄,,,造型師,Noin、松宮誠一, 
ランジェリースタイルIS〈インフィニット・ストラトス〉ラウラ・ボーデヴィッヒ1/8完成品フィギュア[WAVE]《０６月予約》,,,,,商品コード,FIGURE-015668,発売日,１６年０６月未定,ブランド名,WAVE(ウェーブ),,シリーズ名,DreamTech(ドリームテック),,原作名,IS〈インフィニット・ストラトス〉,『IS〈インフィニット・ストラトス〉』シリーズ,,キャラ名,ラウラ・ボーデヴィッヒ,,,,,
ねんどろいどスクールガールストライカーズ澄原サトカ[グッドスマイルカンパニー]《０６月予約》,,,,,商品コード,FIGURE-015721,発売日,１６年０６月未定,ブランド名,グッドスマイルカンパニー,,シリーズ名,『ねんどろいど』シリーズ,ねんどろいど,原作名,スクールガールストライカーズ,,,キャラ名,澄原サトカ,,,,,
ねんどろいどラブライブ！矢澤にこ練習着Ver.[グッドスマイルカンパニー]《０６月予約》,,,,,商品コード,FIGURE-015722,発売日,１６年０６月未定,ブランド名,グッドスマイルカンパニー,,シリーズ名,『ねんどろいど』シリーズ,ねんどろいど,原作名,ラブライブ！,『ラブライブ！』シリーズ,,キャラ名,,,,,,
figmaラブライブ！西木野真姫[マックスファクトリー]《０６月予約》,,,,,商品コード,FIGURE-015723,発売日,１６年０６月未定,ブランド名,マックスファクトリー,,シリーズ名,figmaシリーズ,figma(フィグマ),原作名,ラブライブ！,『ラブライブ！』シリーズ,,キャラ名,,,,,,
Y-STYLEシュタインズ・ゲート椎名まゆり浴衣Ver.1/8完成品フィギュア[フリーイング]《０６月予約》,,,,,商品コード,FIGURE-015724,発売日,１６年０６月未定,ブランド名,FREEing(フリーイング),,シリーズ名,Y-STYLE,,原作名,Steins；Gate,『科学アドベンチャー』シリーズ,,キャラ名,椎名まゆり,,,,,
あみあみ限定版サノバウィッチ綾地寧々1/7完成品フィギュア[ブロッコリー]《０６月予約》,備考,※あみあみ限定特典は付きません。,,,商品コード,FIGURE-015750,発売日,１６年０６月未定,ブランド名,ブロッコリー,,,,,原作名,サノバウィッチ,,,キャラ名,綾地寧々,,,造型師,,
【あみあみ限定版＋限定特典】サノバウィッチ綾地寧々1/7完成品フィギュア[ブロッコリー]《０６月予約》,備考,※あみあみ限定特典が付きます。,,,商品コード,FIGURE-015751,発売日,１６年０６月未定,ブランド名,ブロッコリー,,,,,原作名,サノバウィッチ,,,キャラ名,綾地寧々,,,造型師,,
【特典】コミック阿吽冬月茉莉純白ver.1/6完成品フィギュア[スカイチューブ]《０６月予約》,備考,※あみあみ限定特典は付きません。,,,商品コード,FIGURE-015759,発売日,１６年０６月未定,ブランド名,SkyTube(スカイチューブ),,,,,原作名,コミック阿吽,,,キャラ名,冬月茉莉,,,造型師,,
ねんどろいどCharlotte乙坂歩未[グッドスマイルカンパニー]《０６月予約》,,,,,商品コード,FIGURE-015791,発売日,１６年０６月未定,ブランド名,グッドスマイルカンパニー,,シリーズ名,『ねんどろいど』シリーズ,ねんどろいど,原作名,Charlotte,,,キャラ名,乙坂歩未,,,,,
ミディッチュ艦隊これくしょん-艦これ-最上完成品フィギュア[ファット・カンパニー]《０７月予約》,,,,,商品コード,FIGURE-015792,発売日,１６年０７月未定,ブランド名,ファット・カンパニー,,シリーズ名,ミディッチュ,,原作名,艦隊これくしょん -艦これ-,,,キャラ名,最上,,,造型師,,
魔弾の王と戦姫エレオノーラ=ヴィルターリアバニーVer.1/4完成品フィギュア[フリーイング]《０７月予約》,,,,,商品コード,FIGURE-015793,発売日,１６年０７月未定,ブランド名,FREEing(フリーイング),,,,,原作名,魔弾の王と戦姫,,,キャラ名,エレオノーラ＝ヴィルターリア(エレン),,,造型師,FREEing, 
俺の妹がこんなに可愛いわけがない。黒猫～Fromthebedroom～1/7完成品フィギュア[オルカトイズ]《０７月予約》,,,,,商品コード,FIGURE-015822,発売日,１６年０７月未定,ブランド名,ORCATOYS(オルカトイズ),,,,,原作名,俺の妹がこんなに可愛いわけがない。,俺の妹がこんなに可愛いわけがない,,キャラ名,黒猫(五更瑠璃),,,造型師,内嶋靖浩[essence.],
ねんどろいどストライクウィッチーズ2ペリーヌ・クロステルマン[ファット・カンパニー]《０６月予約》,,,,,商品コード,FIGURE-015830,発売日,１６年０６月未定,ブランド名,ファット・カンパニー,,シリーズ名,『ねんどろいど』シリーズ,ねんどろいど,原作名,ストライクウィッチーズ2,『ストライクウィッチーズ』シリーズ,,キャラ名,,,,,,
ファントムオブキルレーヴァテイン1/8完成品フィギュア[フリーイング]《０７月予約※暫定》,,,,,商品コード,FIGURE-015831,発売日,１６年０７月未定,ブランド名,FREEing(フリーイング),,,,,原作名,ファントム オブ キル,,,キャラ名,レーヴァテイン,,,造型師,梓零, 
【あみあみ限定特典】【特典】コミック阿吽冬月茉莉純白ver.1/6完成品フィギュア[スカイチューブ]《０６月予約》,備考,※あみあみ限定特典が付きます。,,,商品コード,FIGURE-015885,発売日,１６年０６月未定,ブランド名,SkyTube(スカイチューブ),,,,,原作名,コミック阿吽,,,キャラ名,冬月茉莉,,,造型師,,
ねんどろいどアイドルマスターシンデレラガールズ北条加蓮[グッドスマイルカンパニー]《０６月予約》,,,,,商品コード,FIGURE-015916,発売日,１６年０６月未定,ブランド名,グッドスマイルカンパニー,,シリーズ名,『ねんどろいど』シリーズ,ねんどろいど,原作名,THE IDOLM＠STER シンデレラガールズ,『THE IDOLM＠STER』シリーズ,,キャラ名,,,,,,
レーシングミク2015Ver.1/8完成品フィギュア[グッドスマイルカンパニー]《０８月予約》,,,,,商品コード,FIGURE-015917,発売日,１６年０８月未定,ブランド名,グッドスマイルカンパニー,,,,,原作名,『VOCALOID』シリーズ,,,キャラ名,初音ミク,,,造型師,kiking, 
天元突破グレンラガンヨーコバニーVer.1/4完成品フィギュア[フリーイング]《０７月予約》,,,,,商品コード,FIGURE-015919,発売日,１６年０７月未定,ブランド名,FREEing(フリーイング),,,,,原作名,天元突破グレンラガン,,,キャラ名,ヨーコ・リットナー,,,造型師,FREEing, 
装甲悪鬼村正三世村正ナースver.1/6完成品フィギュア[スカイチューブ]《０６月予約》,,,,,商品コード,FIGURE-015929,発売日,１６年０６月未定,ブランド名,SkyTube(スカイチューブ),,,,,原作名,装甲悪鬼村正,,,キャラ名,三世村正,,,造型師,HIRO, 
【特典】S.H.フィギュアーツ霧矢あおい(冬制服ver.)『アイカツ！』[バンダイ]《０６月予約》,,,,,商品コード,FIGURE-015933,発売日,１６年０６月下旬,ブランド名,BANDAI(バンダイ),,シリーズ名,S.H.フィギュアーツ,,原作名,アイカツ！,『アイカツ！』シリーズ,,キャラ名,霧矢あおい,,,,,
S-styleキャラクター・ボーカル・シリーズ01初音ミク水着Ver.1/12塗装済み組み立てフィギュア[フリーイング]《０６月予約》,,,,,商品コード,FIGURE-015962,発売日,１６年０６月未定,ブランド名,FREEing(フリーイング),,,,,原作名,『VOCALOID』シリーズ,,,キャラ名,初音ミク,,,造型師,よこやま, 
S-styleキャラクター・ボーカル・シリーズ03巡音ルカ水着Ver.1/12塗装済み組み立てフィギュア[フリーイング]《０６月予約》,,,,,商品コード,FIGURE-015963,発売日,１６年０６月未定,ブランド名,FREEing(フリーイング),,,,,原作名,『VOCALOID』シリーズ,,,キャラ名,巡音ルカ,,,造型師,よこやま, 
一騎当千集鍔闘士血風録孫策伯符バスタオルVer.1/5完成品フィギュア[アイズ・プロジェクト]《０５月予約※暫定》,,,,,商品コード,FIGURE-015967,発売日,１６年０５月未定,ブランド名,AIZU PROJECT(アイズ・プロジェクト),,,,,原作名,一騎当千 集鍔闘士血風録,『一騎当千』シリーズ,,キャラ名,孫策伯符,,,造型師,對馬琢章[Fig.1],
ロウきゅーぶ！SS湊智花～ウェディングVer.～1/7完成品フィギュア[プラム]《０７月予約》,備考,※あみあみ限定特典は付きません。,,,商品コード,FIGURE-016130,発売日,１６年０７月未定,ブランド名,ピーエムオフィスエー,PLUM(プラム),,,,原作名,ロウきゅーぶ！SS,ロウきゅーぶ！,,キャラ名,,,,,,
【あみあみ限定特典】ロウきゅーぶ！SS湊智花～ウェディングVer.～1/7完成品フィギュア[プラム]《０７月予約》,備考,※あみあみ限定特典が付きます。,,,商品コード,FIGURE-016131,発売日,１６年０７月未定,ブランド名,ピーエムオフィスエー,PLUM(プラム),,,,原作名,ロウきゅーぶ！SS,ロウきゅーぶ！,,キャラ名,,,,,,
S-styleすーぱーそに子水着Ver.1/12塗装済み組み立てフィギュア[フリーイング]《０６月予約》,,,,,商品コード,FIGURE-016133,発売日,１６年０６月未定,ブランド名,FREEing(フリーイング),,,,,原作名,『すーぱーそに子』シリーズ,ニトロプラス,,キャラ名,すーぱーそに子,,,造型師,FREEing,
【特典】ねんどろいど千年戦争アイギスシビラ[グッドスマイルカンパニー]《０７月予約》,,,,,商品コード,FIGURE-016217,発売日,１６年０７月未定,ブランド名,グッドスマイルカンパニー,,シリーズ名,『ねんどろいど』シリーズ,ねんどろいど,原作名,千年戦争アイギス,,,キャラ名,シビラ,,,,,
ねんどろいどそれが声優！一ノ瀬双葉[グッドスマイルカンパニー]《０８月予約》,,,,,商品コード,FIGURE-016218,発売日,１６年０８月未定,ブランド名,グッドスマイルカンパニー,,シリーズ名,『ねんどろいど』シリーズ,ねんどろいど,原作名,それが声優！,,,キャラ名,一ノ瀬双葉,,,,,
B-STYLEトップをねらえ2！ノノバニーVer.1/4完成品フィギュア[フリーイング]《０６月予約》,,,,,商品コード,FIGURE-016219,発売日,１６年０６月未定,ブランド名,FREEing(フリーイング),,,,,原作名,トップをねらえ2！,トップをねらえ！,,キャラ名,ノノ(バスターマシン7号),,,造型師,双翼社,
キューティーハニーInfinitePremiumver.OC(originalcolor)1/6完成品フィギュア[オルカトイズ]《０７月予約》,,,,,商品コード,FIGURE-016229,発売日,１６年０７月未定,ブランド名,ORCATOYS(オルカトイズ),,,,,原作名,キューティーハニー,永井豪,,キャラ名,如月ハニー(キューティーハニー),,,造型師,藤井たかし,
TEKKEN美少女鉄拳7ラッキークロエ1/7完成品フィギュア[コトブキヤ]《０７月予約》,,,,,商品コード,FIGURE-016252,発売日,１６年０７月未定,ブランド名,KOTOBUKIYA(コトブキヤ),,シリーズ名,美少女スタチュー,TEKKEN美少女,原作名,鉄拳7,鉄拳,,キャラ名,,,,,,
ねんどろいどこ～でプリパラファルルマリオネットミューサイリウムコーデ[グッドスマイルカンパニー]《０６月予約》,,,,,商品コード,FIGURE-016272,発売日,１６年０６月未定,ブランド名,グッドスマイルカンパニー,,シリーズ名,『ねんどろいど』シリーズ,ねんどろいどこ～で,原作名,プリパラ,『プリティーリズム』シリーズ,,キャラ名,,,,,,
figmaラブライブ！東條希[マックスファクトリー]《０８月予約》,,,,,商品コード,FIGURE-016273,発売日,１６年０８月未定,ブランド名,マックスファクトリー,,シリーズ名,figmaシリーズ,figma(フィグマ),原作名,ラブライブ！,『ラブライブ！』シリーズ,,キャラ名,,,,,,
世界征服～謀略のズヴィズダー～ヴィニエイラ様完成品フィギュア[フレア]《０８月予約》,,,,,商品コード,FIGURE-016309,発売日,１６年０８月未定,ブランド名,フレア,,,,,原作名,世界征服 -謀略のズヴィズダー-,,,キャラ名,星宮ケイト(ヴィニエイラ),,,造型師,French Doll[Cerberus Project TM], 
ねんどろいど艦隊これくしょん-艦これ-明石改[グッドスマイルカンパニー]《０６月予約》,,,,,商品コード,FIGURE-016313,発売日,１６年０６月未定,ブランド名,グッドスマイルカンパニー,,シリーズ名,『ねんどろいど』シリーズ,ねんどろいど,原作名,艦隊これくしょん -艦これ-,,,キャラ名,明石,,,,,
Fate/GrandOrderセイバー/沖田総司1/7完成品フィギュア[アクアマリン]《０６月予約》,,,,,商品コード,FIGURE-016314,発売日,１６年０６月未定,ブランド名,アクアマリン,,,,,原作名,Fate/Grand Order,『Fate』シリーズ,,キャラ名,桜セイバー(沖田総司),,,造型師,かわにしけん,
神撃のバハムートディアドラグーン・フォルテ1/8完成品フィギュア[コトブキヤ]《０６月予約》,,,,,商品コード,FIGURE-016315,発売日,１６年０６月未定,ブランド名,KOTOBUKIYA(コトブキヤ),,シリーズ名,コトブキヤ 完成品フィギュア,コトブキヤ 1/8 完成品フィギュア,原作名,神撃のバハムート,,,キャラ名,ディアドラグーン・フォルテ,,,,,
ラブライブ！スクールアイドルフェスティバル東條希1/7完成品フィギュア[アルター]《０６月予約》,,,,,商品コード,FIGURE-016333,発売日,１６年０６月未定,ブランド名,ALTER(アルター),,,,,原作名,ラブライブ！ The School Idol Movie,ラブライブ！,『ラブライブ！』シリーズ,キャラ名,東條希,,,造型師,,
figFIX艦隊これくしょん-艦これ-雪風中破ver.完成品フィギュア[マックスファクトリー]《０６月予約》,,,,,商品コード,FIGURE-016348,発売日,１６年０６月未定,ブランド名,マックスファクトリー,,シリーズ名,figmaシリーズ,figFIX(フィグフィックス),原作名,艦隊これくしょん -艦これ-,,,キャラ名,雪風,,,,,
ミディッチュ艦隊これくしょん-艦これ-あきつ丸改完成品フィギュア[ファット・カンパニー]《０７月予約》,,,,,商品コード,FIGURE-016349,発売日,１６年０７月未定,ブランド名,ファット・カンパニー,,シリーズ名,ミディッチュ,,原作名,艦隊これくしょん -艦これ-,,,キャラ名,あきつ丸,,,造型師,,
B-STYLE劇場版とある魔術の禁書目録-エンデュミオンの奇蹟-インデックスバニーVer.1/4完成品フィギュア[フリーイング]《０７月予約》,,,,,商品コード,FIGURE-016350,発売日,１６年０７月未定,ブランド名,FREEing(フリーイング),,,,,原作名,劇場版 とある魔術の禁書目録 -エンデュミオンの奇蹟-,『とある魔術の禁書目録』シリーズ,,キャラ名,インデックス,,,造型師,FREEing,
,,,,,,,,,,,,,,,,,,,,,,,,,
ちょこおき。リネージュ2×ヒライユキオ第2弾オーク完成品フィギュア[オーキッドシード]《０６月予約※暫定》,,,,,商品コード,FIGURE-016406,発売日,１６年０６月未定,ブランド名,オーキッドシード,,,,,原作名,リネージュ2,リネージュ,,キャラ名,オーク,,,造型師,ちょこっと☆おき太、中島しゅーじ(秀吉)、にくきゅ～大王、増田英雄,
ちょこおき。リネージュ2×ヒライユキオ第2弾エルフ完成品フィギュア[オーキッドシード]《０６月予約》,,,,,商品コード,FIGURE-016407,発売日,１６年０６月未定,ブランド名,オーキッドシード,,,,,原作名,リネージュ2,リネージュ,,キャラ名,エルフ,,,造型師,ちょこっと☆おき太、中島しゅーじ(秀吉)、にくきゅ～大王、増田英雄,
ちょこおき。リネージュ2×ヒライユキオ第2弾ヒューマン完成品フィギュア[オーキッドシード]《０６月予約※暫定》,,,,,商品コード,FIGURE-016408,発売日,１６年０６月未定,ブランド名,オーキッドシード,,,,,原作名,リネージュ2,リネージュ,,キャラ名,ヒューマン,,,造型師,ちょこっと☆おき太、中島しゅーじ(秀吉)、にくきゅ～大王、増田英雄,
,,,,,,,,,,,,,,,,,,,,,,,,,
T2アート☆ガールズ白のオデット1/6完成品フィギュア[スカイチューブ]《０８月予約》,,,,,商品コード,FIGURE-016433,発売日,１６年０８月未定,ブランド名,SkyTube(スカイチューブ),,,,,原作名,T2アート☆ガールズ,,,キャラ名,オデット,,,造型師,EGG, 
T2アート☆ガールズ黒のオディール1/6完成品フィギュア[スカイチューブ]《０８月予約》,,,,,商品コード,FIGURE-016434,発売日,１６年０８月未定,ブランド名,SkyTube(スカイチューブ),,,,,原作名,T2アート☆ガールズ,,,キャラ名,オディール,,,造型師,EGG, 
T2アート☆ガールズ白のオデット＆黒のオディール1/6完成品フィギュア[スカイチューブ]【送料無料】《０８月予約》,備考,※あみあみ限定特典は付きません。※他の商品と同梱発送になる場合は別途送料が発生いたします。※代引手数料等、一部の決済手数料はご負担いただきます。,,,商品コード,FIGURE-016435,発売日,１６年０８月未定,ブランド名,SkyTube(スカイチューブ),,,,,原作名,T2アート☆ガールズ,,,キャラ名,オデット,オディール,,,,
勇者マルデア～スライムとの戦い～褐色ver.1/6完成品フィギュア[DRAGONToy]《０７月予約》,,,,,商品コード,FIGURE-016486,発売日,１６年０７月未定,ブランド名,DRAGON Toy(ドラゴントイ),,,,,原作名,≪オリジナルキャラクター≫,,,キャラ名,マルデア(勇者マルデア),,,造型師,D蔵[DRAGON Toy], 
AngelBeats！-1stbeat-「天使」1/8完成品フィギュア[ブロッコリー]《０８月予約》,備考,※あみあみ限定特典は付きません。,,,商品コード,FIGURE-016487,発売日,１６年０８月未定,ブランド名,ブロッコリー,,,,,原作名,Angel Beats！ -1st beat-,『Angel Beats！』シリーズ,ビジュアルアーツ,キャラ名,,,,,,
【あみあみ限定特典】AngelBeats！-1stbeat-「天使」1/8完成品フィギュア[ブロッコリー]《０８月予約》,備考,※あみあみ限定特典が付きます。,,,商品コード,FIGURE-016488,発売日,１６年０８月未定,ブランド名,ブロッコリー,,,,,原作名,Angel Beats！ -1st beat-,『Angel Beats！』シリーズ,ビジュアルアーツ,キャラ名,,,,,,
figmaバーチャファイターサラ・ブライアント[フリーイング]《０９月予約》,,,,,商品コード,FIGURE-016528,発売日,１６年０９月未定,ブランド名,FREEing(フリーイング),,シリーズ名,figmaシリーズ,figma(フィグマ),原作名,バーチャファイター,,,キャラ名,サラ・ブライアント,,,,,
初音ミク～花色衣～1/8完成品フィギュア[ストロンガー]《１１月予約》,備考,※3/14以降のご予約に関しましては規定数に達し次第販売終了とさせていただきます。※受注期間：2016年2月1日(月)10時 ～ 2016年3月13日(日)24時迄,,,商品コード,FIGURE-016559-S001,発売日,１６年１１月未定,ブランド名,ストロンガー,,,,,原作名,『VOCALOID』シリーズ,,,キャラ名,初音ミク,,,造型師,,
秘書課初美ゆき1/7完成品フィギュア[ダイキ工業]《０７月予約》,,,,,商品コード,FIGURE-016701,発売日,１６年０７月未定,ブランド名,ダイキ工業,,,,,原作名,≪オリジナルキャラクター≫,,,キャラ名,初美ゆき,,,造型師,CL, 
劇場版魔法少女まどか☆マギカ暁美ほむら～始まりの物語/永遠の物語～1/8完成品フィギュア[グッドスマイルカンパニー]《０９月予約》,,,,,商品コード,FIGURE-016718,発売日,１６年０９月未定,ブランド名,グッドスマイルカンパニー,,,,,原作名,魔法少女まどか☆マギカ,,,キャラ名,暁美ほむら,,,造型師,あまと[knead], 
ユニバーサル・アクト・スタイル攻殻機動隊新劇場版草薙素子1/6アクションフィギュア[WAVE]【送料無料】《０７月予約※暫定》,備考,※他の商品と同梱発送になる場合は別途送料が発生いたします。※代引手数料等、一部の決済手数料はご負担いただきます。,,,商品コード,FIGURE-016747,発売日,１６年０７月未定,ブランド名,WAVE(ウェーブ),,,,,原作名,攻殻機動隊 新劇場版,攻殻機動隊 THE GHOST IN THE SHELL,『攻殻機動隊』シリーズ,キャラ名,,,,,,
フレームアームズ・ガール迅雷プラモデル[コトブキヤ]《０６月予約》,,,,,商品コード,FIGURE-016748,発売日,１６年０６月未定,ブランド名,KOTOBUKIYA(コトブキヤ),,,,,原作名,フレームアームズ,,,キャラ名,迅雷,,,造型師,清水康智、桑村祐一, 
『SMILESHOOTERスマイル☆シューター』鈴比良あいり1/8完成品フィギュア[クレイズ]《０９月予約》,,,,,商品コード,FIGURE-016750,発売日,１６年０９月未定,ブランド名,cLayz(クレイズ),,,,,原作名,スマイル☆シューター,,,キャラ名,鈴比良あいり,,,造型師,宮川武[T’s system.], 
『SMILESHOOTERスマイル☆シューター』秋山麻柚1/7完成品フィギュア[クレイズ]《０９月予約》,,,,,商品コード,FIGURE-016751,発売日,１６年０９月未定,ブランド名,cLayz(クレイズ),,,,,原作名,スマイル☆シューター,,,キャラ名,秋山麻柚,,,造型師,宮川武[T’s system.], 
『SMILESHOOTERスマイル☆シューター』羽咲ゆりな1/7完成品フィギュア[クレイズ]《０９月予約》,,,,,商品コード,FIGURE-016752,発売日,１６年０９月未定,ブランド名,cLayz(クレイズ),,,,,原作名,スマイル☆シューター,,,キャラ名,羽咲ゆりな,,,造型師,宮川武[T’s system.], 
艦隊これくしょん-艦これ-愛宕軽兵装Ver.1/8完成品フィギュア[マックスファクトリー]《１０月予約》,,,,,商品コード,FIGURE-016771,発売日,１６年１０月未定,ブランド名,マックスファクトリー,,,,,原作名,艦隊これくしょん -艦これ-,,,キャラ名,愛宕,,,造型師,ひろし[桜前線], 
B-STYLEキャラクター・ボーカル・シリーズ01初音ミクSNOWMIKU1/4完成品フィギュア[フリーイング]【送料無料】《０７月予約》,備考,※他の商品と同梱発送になる場合は別途送料が発生いたします。※代引手数料等、一部の決済手数料はご負担いただきます。,,,商品コード,FIGURE-016772,発売日,１６年０７月未定,ブランド名,FREEing(フリーイング),,,,,原作名,『VOCALOID』シリーズ,,,キャラ名,初音ミク,,,造型師,,
ラブライブ！×PACIFIC高坂穂乃果1/8完成品フィギュア[プルクラ]《０６月予約》,,,,,商品コード,FIGURE-016836,発売日,１６年０６月未定,ブランド名,PULCHRA(プルクラ),,,,,原作名,ラブライブ！,『ラブライブ！』シリーズ,,キャラ名,高坂穂乃果,,,造型師,PMG[びーふる],
ラブライブ！×PACIFIC南ことり1/8完成品フィギュア[プルクラ]《０７月予約》,,,,,商品コード,FIGURE-016837,発売日,１６年０７月未定,ブランド名,PULCHRA(プルクラ),,,,,原作名,ラブライブ！,『ラブライブ！』シリーズ,,キャラ名,南ことり,,,造型師,PMG[びーふる],
ラブライブ！×PACIFIC園田海未1/8完成品フィギュア[プルクラ]《０７月予約》,,,,,商品コード,FIGURE-016838,発売日,１６年０７月未定,ブランド名,PULCHRA(プルクラ),,,,,原作名,ラブライブ！,『ラブライブ！』シリーズ,,キャラ名,園田海未,,,造型師,PMG[びーふる],
4-Leavesシュヴァルツェスマーケンリィズ　1/7完成品フィギュア[コトブキヤ]《０７月予約》,,,,,商品コード,FIGURE-016844,発売日,１６年０７月未定,ブランド名,KOTOBUKIYA(コトブキヤ),,シリーズ名,4-リーヴス,,原作名,シュヴァルツェスマーケン,『マブラヴ』シリーズ,,キャラ名,リィズ・ホーエンシュタイン,,,,,
ARTFX+X-MENローグMARVELNOW！1/10簡易組立キット[コトブキヤ]《０７月予約》,,,,,商品コード,FIGURE-016845,発売日,１６年０７月未定,ブランド名,KOTOBUKIYA(コトブキヤ),,シリーズ名,ARTFXシリーズ,ARTFX＋,原作名,X-MEN,『X-MEN』シリーズ,マーベルコミック,,,,,,,
MARVEL美少女MARVELUNIVERSE　スパイダーグウェン1/7完成品フィギュア[コトブキヤ]《０８月予約》,,,,,商品コード,FIGURE-016846,発売日,１６年０８月未定,ブランド名,KOTOBUKIYA(コトブキヤ),,シリーズ名,美少女スタチュー,MARVEL美少女(マーベル×美少女),原作名,マーベル・ユニバース,マーベルコミック,,キャラ名,,,,,,
落第騎士の英雄譚ステラ・ヴァーミリオン1/8完成品フィギュア[ブロッコリー]《０７月予約》,備考,※あみあみ限定特典は付きません。,,,商品コード,FIGURE-016875,発売日,１６年０７月未定,ブランド名,ブロッコリー,,,,,原作名,落第騎士の英雄譚,,,キャラ名,ステラ・ヴァーミリオン,,,造型師,,
【あみあみ限定特典】落第騎士の英雄譚ステラ・ヴァーミリオン1/8完成品フィギュア[ブロッコリー]《０７月予約》,備考,※あみあみ限定特典が付きます。,,,商品コード,FIGURE-016876,発売日,１６年０７月未定,ブランド名,ブロッコリー,,,,,原作名,落第騎士の英雄譚,,,キャラ名,ステラ・ヴァーミリオン,,,造型師,,
アイドルマスターシンデレラガールズ前川みく1/8完成品フィギュア[アルター]《０８月予約》,,,,,商品コード,FIGURE-016877,発売日,１６年０８月未定,ブランド名,ALTER(アルター),,,,,原作名,THE IDOLM＠STER シンデレラガールズ,『THE IDOLM＠STER』シリーズ,,キャラ名,前川みく,,,造型師,タカク＆タケシ,
figmaアイドルマスターシンデレラガールズ城ヶ崎美嘉346プロダクションver.[マックスファクトリー]《０７月予約》,,,,,商品コード,FIGURE-016923,発売日,１６年０７月未定,ブランド名,マックスファクトリー,,シリーズ名,figmaシリーズ,figma(フィグマ),原作名,THE IDOLM＠STER シンデレラガールズ,『THE IDOLM＠STER』シリーズ,,キャラ名,,,,,,
ミディッチュ艦隊これくしょん-艦これ-隼鷹完成品フィギュア[ファット・カンパニー]《０７月予約》,,,,,商品コード,FIGURE-016924,発売日,１６年０７月未定,ブランド名,ファット・カンパニー,,シリーズ名,ミディッチュ,,原作名,艦隊これくしょん -艦これ-,,,キャラ名,隼鷹,,,造型師,,
ラブライブ！×PACIFIC星空凛1/8完成品フィギュア[プルクラ]《０９月予約》,,,,,商品コード,FIGURE-017002,発売日,１６年０９月未定,ブランド名,PULCHRA(プルクラ),,,,,原作名,ラブライブ！,『ラブライブ！』シリーズ,,キャラ名,星空凛,,,造型師,PMG[びーふる],
ラブライブ！×PACIFIC西木野真姫1/8完成品フィギュア[プルクラ]《０８月予約※暫定》,,,,,商品コード,FIGURE-017003,発売日,１６年０８月未定,ブランド名,PULCHRA(プルクラ),,,,,原作名,ラブライブ！,『ラブライブ！』シリーズ,,キャラ名,西木野真姫,,,造型師,PMG[びーふる],
ラブライブ！×PACIFIC小泉花陽1/8完成品フィギュア[プルクラ]《０９月予約》,,,,,商品コード,FIGURE-017004,発売日,１６年０９月未定,ブランド名,PULCHRA(プルクラ),,,,,原作名,ラブライブ！,『ラブライブ！』シリーズ,,キャラ名,小泉花陽,,,造型師,PMG[びーふる],
一騎当千集鍔闘士血風録孫策伯符バスタオルVer.【日焼け版】1/5完成品フィギュア[アイズ・プロジェクト]《０６月予約※暫定》,,,,,商品コード,FIGURE-017048,発売日,１６年０６月未定,ブランド名,AIZU PROJECT(アイズ・プロジェクト),,,,,原作名,一騎当千 集鍔闘士血風録,『一騎当千』シリーズ,,キャラ名,孫策伯符,,,造型師,對馬琢章[Fig.1],
Fate/staynightマスターアルトリア1/7完成品フィギュア[アルター]《０７月予約》,,,,,商品コード,FIGURE-017051,発売日,１６年０７月未定,ブランド名,ALTER(アルター),,,,,原作名,Fate/stay night,『Fate』シリーズ,,キャラ名,セイバー(アルトリア・ペンドラゴン),,,造型師,橋本涼,
B-STYLEIS〈インフィニット・ストラトス〉シャルロット・デュノアバニーVer.1/4完成品フィギュア[フリーイング]《０７月予約》,,,,,商品コード,FIGURE-017060,発売日,１６年０７月未定,ブランド名,FREEing(フリーイング),,シリーズ名,B-STYLE,,原作名,IS〈インフィニット・ストラトス〉,『IS〈インフィニット・ストラトス〉』シリーズ,,キャラ名,シャルロット・デュノア,,,,,
,,,,,,,,,,,,,,,,,,,,,,,,,
,,,,,,,,,,,,,,,,,,,,,,,,,
ドリームテックアイドルマスターシンデレラガールズ高垣楓【私服Ver.】1/8完成品フィギュア[WAVE]《０７月予約》,,,,,商品コード,FIGURE-017063,発売日,１６年０７月未定,ブランド名,WAVE(ウェーブ),,シリーズ名,DreamTech(ドリームテック),,原作名,THE IDOLM＠STER シンデレラガールズ,『THE IDOLM＠STER』シリーズ,,キャラ名,高垣楓,,,,,
【特典】Mo-catビアガールイチゴちゃん1/8完成品フィギュア[TaiwanMopetz]《０６月仮予約》,,,,,商品コード,FIGURE-017064,発売日,１６年０６月中旬,ブランド名,Taiwan Mopetz(タイワンモーペッツ),,,,,原作名,≪オリジナルキャラクター：Taiwan Mopetz≫,,,キャラ名,イチゴちゃん,,,造型師,SUPERVISOR[FUJINAWA], 
ToHeart2ダンジョントラベラーズファイターささらLimitedgrade黒姫1/6完成品フィギュア[オルカトイズ]《０７月予約》,,,,,商品コード,FIGURE-017074,発売日,１６年０７月未定,ブランド名,ORCATOYS(オルカトイズ),,,,,原作名,ToHeart2 ダンジョントラベラーズ,『ダンジョントラベラーズ』シリーズ,,キャラ名,久寿川ささら,,,造型師,白髪隆行,
ランジェリースタイルIS〈インフィニット・ストラトス〉セシリア・オルコット1/8完成品フィギュア[WAVE]《０８月予約》,,,,,商品コード,FIGURE-017089,発売日,１６年０８月未定,ブランド名,WAVE(ウェーブ),,シリーズ名,DreamTech(ドリームテック),,原作名,IS〈インフィニット・ストラトス〉,『IS〈インフィニット・ストラトス〉』シリーズ,,キャラ名,セシリア・オルコット,,,,,
サノバウィッチ椎葉紬1/7完成品フィギュア[ブロッコリー]《１０月予約》,備考,※あみあみ限定特典は付きません。,,,商品コード,FIGURE-017120,発売日,１６年１０月未定,ブランド名,ブロッコリー,,,,,原作名,サノバウィッチ,,,キャラ名,椎葉紬,,,造型師,,
【あみあみ限定特典】サノバウィッチ椎葉紬1/7完成品フィギュア[ブロッコリー]《１０月予約》,備考,※あみあみ限定特典が付きます。,,,商品コード,FIGURE-017121,発売日,１６年１０月未定,ブランド名,ブロッコリー,,,,,原作名,サノバウィッチ,,,キャラ名,椎葉紬,,,造型師,,
艦隊これくしょん-艦これ-夕立改二1/8完成品フィギュア[グッドスマイルカンパニー]《１０月予約》,,,,,商品コード,FIGURE-017122,発売日,１６年１０月未定,ブランド名,グッドスマイルカンパニー,,,,,原作名,艦隊これくしょん -艦これ-,,,キャラ名,夕立,,,造型師,浦川顕法, 
figmaアイドルマスターシンデレラガールズ城ヶ崎莉嘉シンデレラプロジェクトver.[マックスファクトリー]《０７月予約》,,,,,商品コード,FIGURE-017124,発売日,１６年０７月未定,,,,シリーズ名,figmaシリーズ,figma(フィグマ),原作名,THE IDOLM＠STER シンデレラガールズ,『THE IDOLM＠STER』シリーズ,,キャラ名,城ヶ崎莉嘉,,,造型師,,
クイーンズブレイドリベリオン囚われの竜戦士ブランウェン1/6完成品フィギュア[Q-six]《０７月予約》,,,,,商品コード,FIGURE-017162,発売日,１６年０７月未定,ブランド名,Q-six(キューシックス),,,,,原作名,クイーンズブレイド リベリオン,『クイーンズブレイド』シリーズ,,キャラ名,ブランウェン,,,造型師,白髪隆行[ユキシロ],
クイーンズブレイドリベリオン囚われの竜戦士ブランウェン銀竜ver.1/6完成品フィギュア[Q-six]《０７月予約》,,,,,商品コード,FIGURE-017163,発売日,１６年０７月未定,ブランド名,Q-six(キューシックス),,,,,原作名,クイーンズブレイド リベリオン,『クイーンズブレイド』シリーズ,,キャラ名,ブランウェン,,,造型師,白髪隆行[ユキシロ],
【特典】エクセレントモデルCOREビキニ・ウォリアーズEXメイジ【DXVer.】1/8完成品フィギュア[メガハウス]《０６月予約》,備考,※こちらの商品はメガトレショップ、あみあみ、他一部店舗限定での取り扱いとなります。,,,商品コード,FIGURE-017166,発売日,１６年０６月下旬,ブランド名,MegaHouse(メガハウス),,シリーズ名,『エクセレントモデル』シリーズ,エクセレントモデルCORE,原作名,ビキニ・ウォリアーズ,,,,,,,,,
なりきれ！レイヤー秋吉さんピンクver.1/5.5完成品フィギュア[ダイキ工業]《０７月予約》,,,,,商品コード,FIGURE-017168,発売日,１６年０７月未定,ブランド名,ダイキ工業,,,,,原作名,秋吉さん がんばる,,,キャラ名,秋吉さん,,,造型師,蔦風徒子, 
ラブライブ！×PACIFIC絢瀬絵里1/8完成品フィギュア[プルクラ]《１１月予約》,,,,,商品コード,FIGURE-017185,発売日,１６年１１月未定,ブランド名,PULCHRA(プルクラ),,,,,原作名,ラブライブ！,『ラブライブ！』シリーズ,,キャラ名,絢瀬絵里,,,造型師,PMG[びーふる],
ラブライブ！×PACIFIC東條希1/8完成品フィギュア[プルクラ]《１２月予約》,,,,,商品コード,FIGURE-017186,発売日,１６年１２月未定,ブランド名,PULCHRA(プルクラ),,,,,原作名,ラブライブ！,『ラブライブ！』シリーズ,,キャラ名,東條希,,,造型師,PMG[びーふる],
ラブライブ！×PACIFIC矢澤にこ1/8完成品フィギュア[プルクラ]《１０月予約》,,,,,商品コード,FIGURE-017187,発売日,１６年１０月未定,ブランド名,PULCHRA(プルクラ),,,,,原作名,ラブライブ！,『ラブライブ！』シリーズ,,キャラ名,矢澤にこ,,,造型師,PMG[びーふる],
【あみあみ限定特典】T2アート☆ガールズ白のオデット＆黒のオディール1/6完成品フィギュア[スカイチューブ]【送料無料】《０８月予約》,備考,※あみあみ限定特典が付きます。※他の商品と同梱発送になる場合は別途送料が発生いたします。※代引手数料等、一部の決済手数料はご負担いただきます。,,,商品コード,FIGURE-017192,発売日,１６年０８月未定,ブランド名,SkyTube(スカイチューブ),,,,,原作名,T2アート☆ガールズ,,,キャラ名,オデット,オディール,,,,
ツンプリ愛してお姫様レアイナ1/4完成品フィギュア[A-TOYS]【送料無料】《０５月予約》,備考,※他の商品と同梱発送になる場合は別途送料が発生いたします。※代引手数料等、一部の決済手数料はご負担いただきます。,,,商品コード,FIGURE-017193,発売日,１６年０５月未定,ブランド名,A-TOYS,,,,,原作名,ツンプリ,,,キャラ名,レアイナ,,,造型師,,
アイドルマスターシンデレラガールズ新田美波LOVELAIKAVer.1/8完成品フィギュア[ファット・カンパニー]《０８月予約》,,,,,商品コード,FIGURE-017195,発売日,１６年０８月未定,ブランド名,ファット・カンパニー,,シリーズ名,ファット・カンパニー 1/8 完成品フィギュア,,原作名,THE IDOLM＠STER シンデレラガールズ,『THE IDOLM＠STER』シリーズ,,キャラ名,新田美波,,,,,
セブンスドラゴンIIIcode：VFDフォーチュナー(ムルムル)1/7完成品フィギュア[コトブキヤ]《０７月予約》,,,,,商品コード,FIGURE-017213,発売日,１６年０７月未定,ブランド名,KOTOBUKIYA(コトブキヤ),,シリーズ名,コトブキヤ 完成品フィギュア,コトブキヤ 1/7 完成品フィギュア,原作名,セブンスドラゴンIII code：VFD,セブンスドラゴン,,キャラ名,,,,,,
【特典】S.H.フィギュアーツ紫吹蘭(冬制服ver.)『アイカツ！』[バンダイ]《０７月予約》,,,,,商品コード,FIGURE-017247,発売日,１６年０７月下旬,ブランド名,BANDAI(バンダイ),,シリーズ名,S.H.フィギュアーツ,,原作名,アイカツ！,『アイカツ！』シリーズ,,キャラ名,紫吹蘭,,,,,
艦隊これくしょん-艦これ-秋津洲1/7完成品フィギュア[ファニーナイツ]《０６月予約》,,,,,商品コード,FIGURE-017254,発売日,１６年０６月未定,ブランド名,アオシマ,ファニーナイツ,,,,原作名,艦隊これくしょん -艦これ-,,,キャラ名,秋津洲,,,造型師,ユニテック、エルドラモデル(潤),
魔法戦記リリカルなのはForceフェイト・T・ハラオウン1/8完成品フィギュア[フリーイング]【送料無料】《０９月予約》,備考,※他の商品と同梱発送になる場合は別途送料が発生いたします。※代引手数料等、一部の決済手数料はご負担いただきます。,,,商品コード,FIGURE-017263,発売日,１６年０９月未定,ブランド名,FREEing(フリーイング),,,,,原作名,魔法戦記リリカルなのはForce,『リリカルなのは』シリーズ,,キャラ名,フェイト・テスタロッサ(フェイト・T・ハラオウン),,,,,
ストライクウィッチーズOperationVictoryArrowシャーロット・E・イェーガーバニーstyle1/8完成品フィギュア[アクアマリン]《０７月予約》,,,,,商品コード,FIGURE-017264,発売日,１６年０７月未定,ブランド名,アクアマリン,,,,,原作名,ストライクウィッチーズ Operation Victory Arrow,『ストライクウィッチーズ』シリーズ,,キャラ名,シャーロット・E・イェーガー(シャーリー),,,造型師,めーん,
キューポッシュフレンズシェリー-Cherie-可動フィギュア[コトブキヤ]《０８月予約》,,,,,商品コード,FIGURE-017269,発売日,１６年０８月未定,ブランド名,KOTOBUKIYA(コトブキヤ),,シリーズ名,キューポッシュ,キューポッシュフレンズ,原作名,キューポッシュ,,,キャラ名,シェリー,,,,,
七つの大罪ベリアル～虚飾の像1/8完成品フィギュア[オーキッドシード]《０１月予約》,,,,,商品コード,FIGURE-017274,発売日,１７年０１月未定,ブランド名,オーキッドシード,,,,,原作名,七つの大罪,,,キャラ名,ベリアル,,,造型師,タナカマサノリ, 
【特典】エクセレントモデル神羅万象チョコ眠り姫アルマ1/8完成品フィギュア[メガハウス]《０７月予約》,備考,※こちらの商品はメガトレショップ、あみあみ、他一部店舗限定での取り扱いとなります。,,,商品コード,FIGURE-017276,発売日,１６年０７月未定,ブランド名,MegaHouse(メガハウス),,シリーズ名,『エクセレントモデル』シリーズ,エクセレントモデル,原作名,神羅万象,,,,,,,,,
すーぱーそに子withマカロンタワー1/7完成品フィギュア[アルファマックス]《０８月予約》,,,,,商品コード,FIGURE-017277,発売日,１６年０８月未定,ブランド名,アルファマックス,,,,,原作名,そにアニ,『すーぱーそに子』シリーズ,ニトロプラス,キャラ名,すーぱーそに子,,,造型師,,
珈琲貴族『青山澄香』限定版透け塗装ver.1/7完成品フィギュア[E☆2]【送料無料】《０７月予約》,備考,※他の商品と同梱発送になる場合は別途送料が発生いたします。※代引手数料等、一部の決済手数料はご負担いただきます。,,,商品コード,FIGURE-017363,発売日,１６年０７月中旬,ブランド名,E☆2(えつ),,,,,原作名,≪オリジナルキャラクター：珈琲貴族≫,≪オリジナルキャラクター≫,,キャラ名,青山澄香,,,,,
珈琲貴族『青山澄香』通常版1/7完成品フィギュア[E☆2]【送料無料】《０７月予約》,備考,※他の商品と同梱発送になる場合は別途送料が発生いたします。※代引手数料等、一部の決済手数料はご負担いただきます。,,,商品コード,FIGURE-017364,発売日,１６年０７月中旬,ブランド名,E☆2(えつ),,,,,原作名,≪オリジナルキャラクター：珈琲貴族≫,≪オリジナルキャラクター≫,,キャラ名,青山澄香,,,,,
ねんどろいどこ～でプリパラ黒須あろまホリックトリッククラシックサイリウムコーデ[グッドスマイルカンパニー]《０７月予約》,,,,,商品コード,FIGURE-017366,発売日,１６年０７月未定,ブランド名,グッドスマイルカンパニー,,シリーズ名,『ねんどろいど』シリーズ,ねんどろいどこ～で,原作名,プリパラ,『プリティーリズム』シリーズ,,キャラ名,,,,,,
B-STYLEウルトラ怪獣擬人化計画ゼットンバニーVer.1/4完成品フィギュア[フリーイング]《０８月予約》,,,,,商品コード,FIGURE-017370,発売日,１６年０８月未定,ブランド名,FREEing(フリーイング),,シリーズ名,B-STYLE,,原作名,ウルトラ怪獣擬人化計画,『ウルトラマン』シリーズ,,キャラ名,ゼットン,,,,,
アイドルマスターシンデレラガールズ多田李衣菜1/8完成品フィギュア[アルター]《０８月予約》,,,,,商品コード,FIGURE-017383,発売日,１６年０８月未定,ブランド名,ALTER(アルター),,,,,原作名,THE IDOLM＠STER シンデレラガールズ,『THE IDOLM＠STER』シリーズ,,キャラ名,多田李衣菜,,,造型師,みさいる,
三国志大戦トレーディングカードゲーム何太后1/7完成品フィギュア[ヴェルテクス]《０８月予約》,備考,※あみあみ限定特典は付きません。,,,商品コード,FIGURE-017387,発売日,１６年０８月未定,ブランド名,ヴェルテクス,,,,,原作名,三国志大戦,,,キャラ名,何太后,,,造型師,,
【あみあみ限定特典】三国志大戦トレーディングカードゲーム何太后1/7完成品フィギュア[ヴェルテクス]《０８月予約》,備考,※あみあみ限定特典が付きます。,,,商品コード,FIGURE-017388,発売日,１６年０８月未定,ブランド名,ヴェルテクス,,,,,原作名,三国志大戦,,,キャラ名,何太后,,,造型師,,
,,,,,,,,,,,,,,,,,,,,,,,,,
,,,,,,,,,,,,,,,,,,,,,,,,,
ねんどろいどSHOWBYROCK！！シアン[グッドスマイルカンパニー]《０８月予約》,,,,,商品コード,FIGURE-017395,発売日,１６年０８月未定,ブランド名,グッドスマイルカンパニー,,シリーズ名,『ねんどろいど』シリーズ,ねんどろいど,原作名,SHOW BY ROCK！！,,,キャラ名,シアン,,,,,
GODEATER2RAGEBURSTリヴィ・コレット1/7完成品フィギュア[グッドスマイルカンパニー]《０８月予約》,,,,,商品コード,FIGURE-017396,発売日,１６年０８月未定,ブランド名,グッドスマイルカンパニー,,,,,原作名,GOD EATER 2 RAGE BURST,『GOD EATER』シリーズ,,キャラ名,リヴィ・コレット,,,造型師,双翼社,
figFIXカードキャプターさくら木之本桜バトルコスチュームver.完成品フィギュア[マックスファクトリー]《０８月予約》,,,,,商品コード,FIGURE-017398,発売日,１６年０８月未定,ブランド名,マックスファクトリー,,シリーズ名,figmaシリーズ,figFIX(フィグフィックス),原作名,カードキャプターさくら,,,キャラ名,木之本桜,,,,,
ニセコイ：小野寺小咲1/8完成品フィギュア[ファット・カンパニー]《０７月予約》,,,,,商品コード,FIGURE-017399,発売日,１６年０７月未定,ブランド名,ファット・カンパニー,,シリーズ名,ファット・カンパニー 1/8 完成品フィギュア,,原作名,ニセコイ：,『ニセコイ』シリーズ,,キャラ名,小野寺小咲,,,,,
B-STYLEIS〈インフィニット・ストラトス〉ラウラ・ボーデヴィッヒバニーVer.2nd1/4完成品フィギュア[フリーイング]《０７月予約》,,,,,商品コード,FIGURE-017400,発売日,１６年０７月未定,ブランド名,FREEing(フリーイング),,シリーズ名,B-STYLE,,原作名,IS〈インフィニット・ストラトス〉,『IS〈インフィニット・ストラトス〉』シリーズ,,キャラ名,ラウラ・ボーデヴィッヒ,,,,,
ドリームテックアイドルマスターシンデレラガールズ前川みく【制服Ver.】1/8完成品フィギュア[WAVE]《０９月予約》,,,,,商品コード,FIGURE-017401,発売日,１６年０９月未定,ブランド名,WAVE(ウェーブ),,シリーズ名,DreamTech(ドリームテック),,原作名,THE IDOLM＠STER シンデレラガールズ,『THE IDOLM＠STER』シリーズ,,キャラ名,前川みく,,,,,
ハヤテのごとく！三千院ナギ猫ver.1/6完成品フィギュア[オルカトイズ]《０８月予約》,,,,,商品コード,FIGURE-017402,発売日,１６年０８月未定,ブランド名,ORCATOYS(オルカトイズ),,,,,原作名,ハヤテのごとく！,,,キャラ名,三千院ナギ,,,造型師,梓零, 
ハヤテのごとく！桂ヒナギク猫ver.1/6完成品フィギュア[オルカトイズ]《０８月予約》,,,,,商品コード,FIGURE-017403,発売日,１６年０８月未定,ブランド名,ORCATOYS(オルカトイズ),,,,,原作名,ハヤテのごとく！,,,キャラ名,桂ヒナギク,,,造型師,梓零, 
ねんどろいどこ～でプリパラ白玉みかんシルキーハートサイリウムコーデ[グッドスマイルカンパニー]《０８月予約》,,,,,商品コード,FIGURE-017462,発売日,１６年０８月未定,ブランド名,グッドスマイルカンパニー,,シリーズ名,『ねんどろいど』シリーズ,ねんどろいどこ～で,原作名,プリパラ,『プリティーリズム』シリーズ,,キャラ名,,,,,,
Y-STYLEペルソナ3アイギス浴衣Ver.1/8完成品フィギュア[フリーイング]《０７月予約※暫定》,,,,,商品コード,FIGURE-017463,発売日,１６年０７月未定,ブランド名,FREEing(フリーイング),,シリーズ名,Y-STYLE,,原作名,ペルソナ3,『ペルソナ』シリーズ,『女神転生』シリーズ,キャラ名,,,,,,
アカメが斬る！エスデス1/9レジンキャスト製完成品フィギュア[プルクラ]《０６月予約》,,,,,商品コード,FIGURE-017485,発売日,１６年０６月未定,ブランド名,PULCHRA(プルクラ),,,,,原作名,アカメが斬る！,,,キャラ名,エスデス,,,造型師,モワノー, 
結月ゆかり凛1/8完成品フィギュア[プルクラ]《０９月予約》,,,,,商品コード,FIGURE-017486,発売日,１６年０９月未定,ブランド名,PULCHRA(プルクラ),,,,,原作名,『VOCALOID』シリーズ,,,キャラ名,結月ゆかり,,,造型師,びーふる[PMG], 
【あみあみ限定特典】ソードアート・オンラインシリカ1/8完成品フィギュア[ブロッコリー]《０７月予約》,備考,※あみあみ限定特典が付きます。,,,商品コード,FIGURE-017492,発売日,１６年０７月未定,ブランド名,ブロッコリー,,,,,原作名,ソードアート・オンライン,『ソードアート・オンライン』シリーズ,,キャラ名,綾野珪子(シリカ),,,,,
戦場のヴァルキュリアDUELセルベリア・ブレス-EverlastingSummer-1/6完成品フィギュア[ヴェルテクス]《０７月予約》,備考,※あみあみ限定特典は付きません。,,,商品コード,FIGURE-017503,発売日,１６年０７月未定,ブランド名,ヴェルテクス,,,,,原作名,戦場のヴァルキュリア DUEL,『戦場のヴァルキュリア』シリーズ,,キャラ名,セルベリア・ブレス,,,,,
【あみあみ限定特典】戦場のヴァルキュリアDUELセルベリア・ブレス-EverlastingSummer-1/6完成品フィギュア[ヴェルテクス]《０７月予約》,備考,※あみあみ限定特典が付きます。,,,商品コード,FIGURE-017504,発売日,１６年０７月未定,ブランド名,ヴェルテクス,,,,,原作名,戦場のヴァルキュリア DUEL,『戦場のヴァルキュリア』シリーズ,,キャラ名,セルベリア・ブレス,,,,,
アイドルマスターシンデレラガールズ高垣楓-はじまりの場所-1/8完成品フィギュア[コトブキヤ]《０８月予約》,,,,,商品コード,FIGURE-017520,発売日,１６年０８月未定,ブランド名,KOTOBUKIYA(コトブキヤ),,シリーズ名,コトブキヤ 完成品フィギュア,コトブキヤ 1/8 完成品フィギュア,原作名,THE IDOLM＠STER シンデレラガールズ,『THE IDOLM＠STER』シリーズ,,キャラ名,,,,,,
DCCOMICS美少女ハーレー・クィンNEW52ver.1/7完成品フィギュア[コトブキヤ]《０８月予約》,,,,,商品コード,FIGURE-017521,発売日,１６年０８月未定,ブランド名,KOTOBUKIYA(コトブキヤ),,シリーズ名,美少女スタチュー,DC COMICS美少女(DC×美少女),原作名,DCコミックス,,,キャラ名,ハーレイ・クイン(ハーリーン・クィンゼル),,,,,
,,,,,,,,,,,,,,,,,,,,,,,,,
,,,,,,,,,,,,,,,,,,,,,,,,,
,,,,,,,,,,,,,,,,,,,,,,,,,
,,,,,,,,,,,,,,,,,,,,,,,,,
,,,,,,,,,,,,,,,,,,,,,,,,,
ToLOVEる-とらぶる-ダークネスぬーどるストッパーフィギュア-ララ-2種セット(プライズ)[フリュー]《０９月予約》,,,,,商品コード,FIGURE-017554,発売日,１６年０９月下旬,ブランド名,FuRyu(フリュー),,シリーズ名,ぬーどるストッパーフィギュア,,原作名,To LOVEる -とらぶる- ダークネス,『To LOVEる -とらぶる-』シリーズ,,キャラ名,ララ・サタリン・デビルーク,,,,,
,,,,,,,,,,,,,,,,,,,,,,,,,
,,,,,,,,,,,,,,,,,,,,,,,,,
,,,,,,,,,,,,,,,,,,,,,,,,,
,,,,,,,,,,,,,,,,,,,,,,,,,
,,,,,,,,,,,,,,,,,,,,,,,,,
,,,,,,,,,,,,,,,,,,,,,,,,,
,,,,,,,,,,,,,,,,,,,,,,,,,
,,,,,,,,,,,,,,,,,,,,,,,,,
ソードアート・オンラインシリカ1/8完成品フィギュア[ブロッコリー]《０７月予約》,備考,※あみあみ限定特典は付きません。,,,商品コード,FIGURE-017583,発売日,１６年０７月未定,ブランド名,ブロッコリー,,,,,原作名,ソードアート・オンライン,『ソードアート・オンライン』シリーズ,,キャラ名,綾野珪子(シリカ),,,,,
勇者マルデア～スライムとの戦い～黒髪ver.1/6完成品フィギュア(流通限定商品)[DRAGONToy]《０７月予約》,,,,,商品コード,FIGURE-017605,発売日,１６年０７月未定,ブランド名,DRAGON Toy(ドラゴントイ),,,,,原作名,≪オリジナルキャラクター≫,,,キャラ名,マルデア(勇者マルデア),,,造型師,D蔵[DRAGON Toy], 
花の妖精さんマリア・ベルナール完成品フィギュア[ダイキ工業]《０８月予約》,,,,,商品コード,FIGURE-017706,発売日,１６年０８月未定,ブランド名,ダイキ工業,,,,,,,,,,,,,造型師,グラビアンスキー, 
PLAMAXMF-03minimumfactoryあるてぃめっと！ニパ子ちゃん1/20ニパ子プラモデル[マックスファクトリー]《０８月予約》,,,,,商品コード,FIGURE-017714,発売日,１６年０８月未定,ブランド名,マックスファクトリー,,シリーズ名,PLAMAX(プラマックス),,原作名,あるてぃめっと！ニパ子ちゃん,,,キャラ名,セリーヌ・P・ニッパーヌ(ニパ子),,,造型師,,
Y-STYLEガールズ＆パンツァー西住みほ浴衣Ver.1/8完成品フィギュア[フリーイング]《０８月予約》,,,,,商品コード,FIGURE-017715,発売日,１６年０８月未定,ブランド名,FREEing(フリーイング),,シリーズ名,Y-STYLE,,原作名,ガールズ＆パンツァー,『ガールズ＆パンツァー』シリーズ,,キャラ名,西住みほ,,,,,
装甲悪鬼村正三世村正黒バニーVer.1/7完成品フィギュア[ウイング]《０７月予約》,,,,,商品コード,FIGURE-017716,発売日,１６年０７月未定,ブランド名,ウイング,,,,,原作名,装甲悪鬼村正,,,キャラ名,三世村正,,,造型師,あまと[Knead], 
艦隊これくしょん-艦これ-響-アニメver.-1/8完成品フィギュア[コトブキヤ]《０８月予約》,,,,,商品コード,FIGURE-017737,発売日,１６年０８月未定,ブランド名,KOTOBUKIYA(コトブキヤ),,シリーズ名,コトブキヤ 完成品フィギュア,コトブキヤ 1/8 完成品フィギュア,原作名,艦隊これくしょん -艦これ-,,,キャラ名,響,,,,,
【特典】エクセレントモデルCOREビキニ・ウォリアーズEXパラディン1/8完成品フィギュア[メガハウス]《０８月予約》,備考,※こちらの商品はメガトレショップ、あみあみ、他一部店舗限定での取り扱いとなります。,,,商品コード,FIGURE-017741,発売日,１６年０８月下旬,ブランド名,MegaHouse(メガハウス),,シリーズ名,『エクセレントモデル』シリーズ,エクセレントモデルCORE,原作名,ビキニ・ウォリアーズ,,,,,,,,,
テイルズオブゼスティリアエドナ1/8完成品フィギュア[アルター]《０９月予約》,,,,,商品コード,FIGURE-017743,発売日,１６年０９月未定,ブランド名,ALTER(アルター),,,,,原作名,テイルズ オブ ゼスティリア,『テイルズ オブ』シリーズ,,キャラ名,エドナ,,,造型師,沼倉としあき,
Fate/staynightセイバー・リリィ～全て遠き理想郷(アヴァロン)～1/7完成品フィギュア（再販）[グッドスマイルカンパニー]《１１月予約》,,,,,商品コード,FIGURE-017764,発売日,１６年１１月未定,ブランド名,グッドスマイルカンパニー,,,,,原作名,Fate/stay night,『Fate』シリーズ,,キャラ名,セイバー(アルトリア・ペンドラゴン),,,造型師,河原隆幸,
艦隊これくしょん-艦これ-瑞鳳1/7完成品フィギュア[ファット・カンパニー]《０９月予約》,,,,,商品コード,FIGURE-017765,発売日,１６年０９月未定,ブランド名,ファット・カンパニー,,シリーズ名,ファット・カンパニー 1/7 完成品フィギュア,,原作名,艦隊これくしょん -艦これ-,,,キャラ名,瑞鳳,,,造型師,,
一騎当千ExtravaganzaEpoch趙雲子龍CamiVer.WHITE1/6完成品フィギュア[アイズ・プロジェクト]《０５月予約※暫定》,,,,,商品コード,FIGURE-017786,発売日,１６年０５月未定,ブランド名,AIZU PROJECT(アイズ・プロジェクト),,シリーズ名,キャミ・シリーズ,,原作名,一騎当千 Extravaganza Epoch,『一騎当千』シリーズ,,キャラ名,趙雲子龍,,,,,
一騎当千ExtravaganzaEpoch趙雲子龍CamiVer.RED1/6完成品フィギュア[アイズ・プロジェクト]《０５月予約※暫定》,,,,,商品コード,FIGURE-017787,発売日,１６年０５月未定,ブランド名,AIZU PROJECT(アイズ・プロジェクト),,シリーズ名,キャミ・シリーズ,,原作名,一騎当千 Extravaganza Epoch,『一騎当千』シリーズ,,キャラ名,趙雲子龍,,,,,
BLACKLAGOONレヴィ-DX版-1/6ポリストーン製塗装済完成品[ニューライン]《０７月予約》,,,,,商品コード,FIGURE-017807,発売日,１６年０７月下旬,ブランド名,ニューライン,,,,,原作名,BLACK LAGOON,,,キャラ名,レヴィ,,,造型師,五右衛門、高木亮介, 
みつみ美里画集brilliantstars「りりか」完成品フィギュア[フレア]《１０月予約》,,,,,商品コード,FIGURE-017808,発売日,１６年１０月未定,ブランド名,フレア,,,,,原作名,≪オリジナルキャラクター：みつみ美里≫,≪オリジナルキャラクター≫,,キャラ名,りりか,,,造型師,French Doll[Cerberus Project TM],
百花繚乱サムライブライド柳生十兵衛メイドver.1/7完成品フィギュア（再販）[回天堂]《０６月予約》,,,,,商品コード,FIGURE-017811,発売日,１６年０６月未定,ブランド名,マベル,回天堂,,,,原作名,百花繚乱 サムライブライド,『百花繚乱』シリーズ,,キャラ名,柳生十兵衛,,,造型師,,
百花繚乱サムライブライド柳生十兵衛メイドver.リペイント1/7完成品フィギュア[回天堂]《０６月予約》,,,,,商品コード,FIGURE-017812,発売日,１６年０６月未定,ブランド名,マベル,回天堂,,,,原作名,百花繚乱 サムライブライド,『百花繚乱』シリーズ,,キャラ名,柳生十兵衛,,,造型師,,
4-Leavesシュヴァルツェスマーケンアイリスディーナ“黒の宣告”ver.1/7完成品フィギュア[コトブキヤ]《０８月予約》,,,,,商品コード,FIGURE-017848,発売日,１６年０８月未定,ブランド名,KOTOBUKIYA(コトブキヤ),,シリーズ名,4-リーヴス,,原作名,シュヴァルツェスマーケン,『マブラヴ』シリーズ,,キャラ名,アイリスディーナ・ベルンハルト,,,,,
ねんどろいどこ～でSEGAfeat.HATSUNEMIKUProject初音ミクハツネミクコーデ[グッドスマイルカンパニー]《０７月予約》,,,,,商品コード,FIGURE-017860,発売日,１６年０７月未定,ブランド名,グッドスマイルカンパニー,,シリーズ名,『ねんどろいど』シリーズ,ねんどろいどこ～で,原作名,『VOCALOID』シリーズ,,,キャラ名,初音ミク,,,,,
B-STYLEIS〈インフィニット・ストラトス〉篠ノ之箒バニーVer.1/4完成品フィギュア[フリーイング]《０９月予約》,,,,,商品コード,FIGURE-017861,発売日,１６年０９月未定,ブランド名,FREEing(フリーイング),,シリーズ名,B-STYLE,,原作名,IS〈インフィニット・ストラトス〉,『IS〈インフィニット・ストラトス〉』シリーズ,,キャラ名,篠ノ之箒,,,,,
figmaリトルアーモリー朝戸未世[トミーテック]《１０月予約》,,,,,商品コード,FIGURE-017862,発売日,１６年１０月未定,ブランド名,タカラトミー,トミーテック,シリーズ名,figmaシリーズ,figma(フィグマ),原作名,リトルアーモリー,,,キャラ名,,,,,,
BEACHQUEENSNITROSUPERSONICすーぱーそに子【スペシャルVer.】1/10完成品フィギュア[WAVE]《０８月予約》,,,,,商品コード,FIGURE-017868,発売日,１６年０８月未定,ブランド名,WAVE(ウェーブ),,シリーズ名,『BEACH QUEENS』シリーズ(ビーチクイーンズシリーズ),BEACH QUEENS(ビーチクイーンズ),原作名,そにアニ,『すーぱーそに子』シリーズ,ニトロプラス,,,,,,,
,,,,,,,,,,,,,,,,,,,,,,,,,
ARTFXJ殻機動隊ARISE草薙素子1/8完成品フィギュア[コトブキヤ]《０８月予約》,,,,,商品コード,FIGURE-017893,発売日,１６年０８月未定,ブランド名,KOTOBUKIYA(コトブキヤ),,シリーズ名,ARTFXシリーズ,ARTFX J,原作名,攻殻機動隊 ARISE,『攻殻機動隊』シリーズ,,キャラ名,,,,,,
ブラック・ブレットティナ・スプラウト～天誅ガールズVer.～1/7完成品フィギュア[プラム]《０７月予約》,備考,※あみあみ限定特典は付きません。,,,商品コード,FIGURE-017894,発売日,１６年０７月未定,ブランド名,ピーエムオフィスエー,PLUM(プラム),,,,原作名,ブラック・ブレット,,,キャラ名,ティナ・スプラウト,,,,,
【あみあみ限定特典】ブラック・ブレットティナ・スプラウト～天誅ガールズVer.～1/7完成品フィギュア[プラム]《０７月予約》,備考,※あみあみ限定特典が付きます。,,,商品コード,FIGURE-017895,発売日,１６年０７月未定,ブランド名,ピーエムオフィスエー,PLUM(プラム),,,,原作名,ブラック・ブレット,,,キャラ名,ティナ・スプラウト,,,,,
,,,,,,,,,,,,,,,,,,,,,,,,,
ねんどろいどおしえて！ギャル子ちゃんギャル子[グッドスマイルカンパニー]《０９月予約》,,,,,商品コード,FIGURE-017910,発売日,１６年０９月未定,ブランド名,グッドスマイルカンパニー,,シリーズ名,『ねんどろいど』シリーズ,ねんどろいど,原作名,おしえて！ギャル子ちゃん,,,キャラ名,ギャル子,,,,,
初音ミク-ProjectDIVA-2nd初音ミクオレンジブロッサムVer.1/7完成品フィギュア[マックスファクトリー]《１０月予約》,,,,,商品コード,FIGURE-017911,発売日,１６年１０月未定,ブランド名,マックスファクトリー,,,,,原作名,初音ミク -Project DIVA-,『VOCALOID』シリーズ,,キャラ名,初音ミク,,,造型師,グリズリーパンダ,
ミディッチュ艦隊これくしょん-艦これ-明石完成品フィギュア[ファット・カンパニー]《１０月予約》,,,,,商品コード,FIGURE-017912,発売日,１６年１０月未定,ブランド名,ファット・カンパニー,,シリーズ名,ミディッチュ,,原作名,艦隊これくしょん -艦これ-,,,キャラ名,明石,,,造型師,,
ピリオド-sweetdrops-高坂初実1/7完成品フィギュア[キャラアニ]《０７月予約》,備考,※あみあみ限定特典は付きません。,,,商品コード,FIGURE-017915,発売日,１６年０７月未定,ブランド名,KADOKAWA,キャラアニ,,,,原作名,ピリオド sweet drops,,,キャラ名,高坂初実,,,,,
【あみあみ限定特典】ピリオド-sweetdrops-高坂初実1/7完成品フィギュア[キャラアニ]《０７月予約》,備考,※あみあみ限定特典が付きます。,,,商品コード,FIGURE-017916,発売日,１６年０７月未定,ブランド名,KADOKAWA,キャラアニ,,,,原作名,ピリオド sweet drops,,,キャラ名,高坂初実,,,,,
トップをねらえ2！ラルク・メルク・マール1/7完成品フィギュア[マックスファクトリー]《１１月予約※暫定》,,,,,商品コード,FIGURE-018042,発売日,１６年１１月未定,ブランド名,マックスファクトリー,,,,,原作名,トップをねらえ2！,トップをねらえ！,,キャラ名,ラルク・メルク・マール,,,造型師,Fio[ReplyFrom...],
figmaラブライブ！小泉花陽[マックスファクトリー]《０９月予約》,,,,,商品コード,FIGURE-018043,発売日,１６年０９月未定,ブランド名,マックスファクトリー,,シリーズ名,figmaシリーズ,figma(フィグマ),原作名,ラブライブ！,『ラブライブ！』シリーズ,,キャラ名,,,,,,
アイドルマスター三浦あずさ1/8完成品フィギュア[ファット・カンパニー]《０９月予約》,,,,,商品コード,FIGURE-018044,発売日,１６年０９月未定,ブランド名,ファット・カンパニー,,,,,原作名,THE IDOLM＠STER,『THE IDOLM＠STER』シリーズ,,キャラ名,三浦あずさ,,,造型師,間崎祐介,
ラブライブ！小泉花陽1/8完成品フィギュア[フリーイング]《０９月予約》,,,,,商品コード,FIGURE-018045,発売日,１６年０９月未定,ブランド名,FREEing(フリーイング),,,,,原作名,ラブライブ！,『ラブライブ！』シリーズ,,キャラ名,小泉花陽,,,造型師,よこやま,
艦隊これくしょん-艦これ-時津風1/7完成品フィギュア[プルクラ]《０９月予約》,,,,,商品コード,FIGURE-018052,発売日,１６年０９月未定,ブランド名,PULCHRA(プルクラ),,,,,原作名,艦隊これくしょん -艦これ-,,,キャラ名,時津風,,,造型師,びーふる[PMG], 
ラブライブ！スクールアイドルフェスティバル西木野真姫1/7完成品フィギュア[アルター]《０９月予約》,,,,,商品コード,FIGURE-018057,発売日,１６年０９月未定,ブランド名,ALTER(アルター),,,,,原作名,ラブライブ！スクールアイドルフェスティバル,『ラブライブ！』シリーズ,,キャラ名,西木野真姫,,,造型師,槙尾宗利,
ラブライブ！スクールアイドルフェスティバル小泉花陽1/7完成品フィギュア[アルター]《１０月予約》,,,,,商品コード,FIGURE-018058,発売日,１６年１０月未定,ブランド名,ALTER(アルター),,,,,原作名,ラブライブ！スクールアイドルフェスティバル,『ラブライブ！』シリーズ,,キャラ名,小泉花陽,,,造型師,稲垣洋,
アイドルマスターシンデレラガールズ島村卯月クリスタルナイトパーティVer.1/8完成品フィギュア[グッドスマイルカンパニー]《１０月予約》,,,,,商品コード,FIGURE-018124,発売日,１６年１０月未定,ブランド名,グッドスマイルカンパニー,,,,,原作名,THE IDOLM＠STER シンデレラガールズ,『THE IDOLM＠STER』シリーズ,,キャラ名,島村卯月,,,造型師,佐々木界,
PLAMAXMF-04minimumfactory超時空要塞マクロスリン・ミンメイ-愛・おぼえていますかVer.1/20プラモデル[マックスファクトリー]《０８月予約》,,,,,商品コード,FIGURE-018129,発売日,１６年０８月未定,ブランド名,マックスファクトリー,,シリーズ名,PLAMAX(プラマックス),,原作名,超時空要塞マクロス 愛・おぼえていますか,超時空要塞マクロス,『超時空』シリーズ,キャラ名,,,,,,
figmaラブライブ！矢澤にこ[マックスファクトリー]《１０月予約》,,,,,商品コード,FIGURE-018258,発売日,１６年１０月未定,ブランド名,マックスファクトリー,,シリーズ名,figmaシリーズ,figma(フィグマ),原作名,ラブライブ！,『ラブライブ！』シリーズ,,キャラ名,,,,,,
ラブライブ！矢澤にこ1/8完成品フィギュア[フリーイング]《１０月予約》,,,,,商品コード,FIGURE-018259,発売日,１６年１０月未定,ブランド名,FREEing(フリーイング),,,,,原作名,ラブライブ！,『ラブライブ！』シリーズ,,キャラ名,矢澤にこ,,,造型師,よこやま,
LittleArmory-OP04：figma専用銃の持ち手[トミーテック]《０８月予約》,,,,,商品コード,FIGURE-018260,発売日,１６年０８月未定,ブランド名,タカラトミー,トミーテック,シリーズ名,figmaシリーズ,figma(フィグマ),LittleArmory(リトルアーモリー),原作名,リトルアーモリー,,,,,,,,
ヒロインメモリーズきまぐれオレンジ☆ロード鮎川まどか完成品フィギュア[メガハウス]《０９月予約》,,,,,商品コード,FIGURE-018268,発売日,１６年０９月下旬,ブランド名,MegaHouse(メガハウス),,,,,原作名,きまぐれオレンジ☆ロード,,,キャラ名,鮎川まどか,,,造型師,猫丸[山猫亭～nekohouse～], 
DESKTOPREALMcCOY05ドラゴンボールZ孫悟空＆チチ完成品フィギュア[メガハウス]《０７月予約》,,,,,商品コード,FIGURE-018269,発売日,１６年０７月下旬,ブランド名,MegaHouse(メガハウス),,シリーズ名,DESKTOP REAL McCOY,,原作名,ドラゴンボール,『ドラゴンボール』シリーズ,,キャラ名,孫悟空,,,,,
【特典】FLOWERKNIGHTGIRLオンシジューム1/7完成品フィギュア[プラム]《０９月予約》,備考,※あみあみ限定特典は付きません。,,,商品コード,FIGURE-018279,発売日,１６年０９月未定,ブランド名,ピーエムオフィスエー,PLUM(プラム),,,,原作名,フラワーナイトガール,,,キャラ名,オンシジューム,,,,,
【あみあみ限定特典】【特典】FLOWERKNIGHTGIRLオンシジューム1/7完成品フィギュア[プラム]《０９月予約》,備考,※あみあみ限定特典が付きます。,,,商品コード,FIGURE-018280,発売日,１６年０９月未定,ブランド名,ピーエムオフィスエー,PLUM(プラム),,,,原作名,フラワーナイトガール,,,キャラ名,オンシジューム,,,,,
ワルキューレロマンツェ[少女騎士物語]スィーリア-ビキニ・日焼けVer.-1/6完成品フィギュア[A＋]《０６月予約※暫定》,備考,※あみあみ限定特典は付きません。,,,商品コード,FIGURE-018291,発売日,１６年０６月未定,ブランド名,A＋(エイプラス),,,,,原作名,ワルキューレ・ロマンツェ,,,キャラ名,スィーリア・クマーニ・エイントリー,,,造型師,,
ワルキューレロマンツェ[少女騎士物語]スィーリア-スク水・日焼けVer.-1/6完成品フィギュア[A＋]《０６月予約※暫定》,備考,※あみあみ限定特典は付きません。,,,商品コード,FIGURE-018292,発売日,１６年０６月未定,ブランド名,A＋(エイプラス),,,,,原作名,ワルキューレ・ロマンツェ,,,キャラ名,スィーリア・クマーニ・エイントリー,,,造型師,,
【あみあみ限定特典】ワルキューレロマンツェ[少女騎士物語]スィーリア-ビキニ・日焼けVer.-1/6完成品フィギュア[A＋]《０６月予約》,備考,※あみあみ限定特典が付きます。,,,商品コード,FIGURE-018293,発売日,１６年０６月未定,ブランド名,A＋(エイプラス),,,,,原作名,ワルキューレ・ロマンツェ,,,キャラ名,スィーリア・クマーニ・エイントリー,,,造型師,,
【あみあみ限定特典】ワルキューレロマンツェ[少女騎士物語]スィーリア-スク水・日焼けVer.-1/6完成品フィギュア[A＋]《０６月予約》,備考,※あみあみ限定特典が付きます。,,,商品コード,FIGURE-018294,発売日,１６年０６月未定,ブランド名,A＋(エイプラス),,,,,原作名,ワルキューレ・ロマンツェ,,,キャラ名,スィーリア・クマーニ・エイントリー,,,造型師,,
ウルトラ怪獣擬人化計画シリーズフィギュアコレクション第5弾ゼットン完成品フィギュア[サプライズネクスト]《１２月予約》,,,,,商品コード,FIGURE-018295,発売日,１６年１２月中旬,ブランド名,サプライズネクスト,,シリーズ名,ウルトラ怪獣擬人化計画,ウルトラ怪獣擬人化計画シリーズ フィギュアコレクション,原作名,ウルトラ怪獣擬人化計画,『ウルトラマン』シリーズ,,キャラ名,,,,,,
ねんどろいどこ～でSEGAfeat.HATSUNEMIKUProject初音ミクブレス・ユーコーデ[グッドスマイルカンパニー]《０８月予約》,,,,,商品コード,FIGURE-018297,発売日,１６年０８月未定,ブランド名,グッドスマイルカンパニー,,シリーズ名,『ねんどろいど』シリーズ,ねんどろいどこ～で,原作名,『VOCALOID』シリーズ,,,キャラ名,初音ミク,,,,,
艦隊これくしょん‐艦これ‐合金島風可動フィギュア[グッドスマイルカンパニー]《１０月予約》,,,,,商品コード,FIGURE-018298,発売日,１６年１０月未定,ブランド名,グッドスマイルカンパニー,,,,,原作名,艦隊これくしょん -艦これ-,,,キャラ名,島風,,,造型師,白鷺いさお, 
B-STYLEIS〈インフィニット・ストラトス〉セシリア・オルコットバニーVer.2nd1/4完成品フィギュア[フリーイング]《０８月予約》,,,,,商品コード,FIGURE-018299,発売日,１６年０８月未定,ブランド名,FREEing(フリーイング),,シリーズ名,B-STYLE,,原作名,IS〈インフィニット・ストラトス〉,『IS〈インフィニット・ストラトス〉』シリーズ,,キャラ名,セシリア・オルコット,,,,,
プラスティック・メモリーズアイラ1/7完成品フィギュア[ニュービジョントイズ]《０７月予約※暫定》,,,,,商品コード,FIGURE-018304,発売日,１６年０７月下旬,ブランド名,ニュービジョントイズ,,,,,原作名,プラスティック・メモリーズ,,,キャラ名,アイラ,,,造型師,風花月雪, 
一騎当千EE趙雲子龍1/8完成品フィギュア[ニュービジョントイズ]《０７月予約※暫定》,,,,,商品コード,FIGURE-018305,発売日,１６年０７月下旬,ブランド名,ニュービジョントイズ,,,,,原作名,一騎当千 Extravaganza Epoch,『一騎当千』シリーズ,,キャラ名,趙雲子龍,,,造型師,モワノー,
E☆2(えつ)オリジナルキャラクターミミillustratedbyカントク1/7完成品フィギュア[オーキッドシード]《０９月予約》,,,,,商品コード,FIGURE-018363,発売日,１６年０９月未定,ブランド名,オーキッドシード,,,,,原作名,E☆2(えつ),,,キャラ名,ミミ,,,造型師,りぶん, 
ClosedGAMEセリシア・ロックハート1/6完成品フィギュア[DRAGONToy]《０９月予約》,,,,,商品コード,FIGURE-018377,発売日,１６年０９月未定,ブランド名,DRAGON Toy(ドラゴントイ),,,,,原作名,Closed GAME,,,キャラ名,セシリア・ロックハート,,,造型師,ひろまん, 
1/35ガールズ＆パンツァー劇場版継続高校フィギュアセット未塗装キット[プラッツ/RCベルグ]《０６月予約》,,,,,商品コード,FIGURE-018381,発売日,１６年０６月未定,ブランド名,Platz(プラッツ),RCベルグ(アールシーベルグ),,,,原作名,ガールズ＆パンツァー 劇場版,ガールズ＆パンツァー,『ガールズ＆パンツァー』シリーズ,キャラ名,ミッコ,,,,,
1/35ガールズ＆パンツァー劇場版大学選抜チームフィギュアセット未塗装キット[プラッツ/RCベルグ]《０７月予約》,,,,,商品コード,FIGURE-018382,発売日,１６年０７月未定,ブランド名,Platz(プラッツ),RCベルグ(アールシーベルグ),,,,原作名,ガールズ＆パンツァー 劇場版,ガールズ＆パンツァー,『ガールズ＆パンツァー』シリーズ,キャラ名,島田愛里寿,,,,,
いけないビキニのおねーさん笹木冴子流通限定1/6完成品フィギュア(宮沢模型流通限定)[ダイキ工業]《０８月予約》,,,,,商品コード,FIGURE-018396,発売日,１６年０８月未定,ブランド名,ダイキ工業,,,,,原作名,いけないビキニのおねーさん,,,キャラ名,笹木冴子,,,造型師,シュンゾー, 
魔法使いの嫁エリアス・エインズワース＆羽鳥チセ2体セット完成品フィギュア[幻影]【送料無料】《０９月予約》,備考,※他の商品と同梱発送になる場合は別途送料が発生いたします。※代引手数料等、一部の決済手数料はご負担いただきます。,,,商品コード,FIGURE-018503,発売日,１６年０９月未定,ブランド名,幻影,,,,,原作名,魔法使いの嫁,,,キャラ名,エリアス・エインズワース,羽鳥チセ,,,,
魔法使いの嫁羽鳥チセ綿蟲＆鉢植えセット付完成品フィギュア[幻影]《０９月予約※暫定》,,,,,商品コード,FIGURE-018504,発売日,１６年０９月未定,ブランド名,幻影,,,,,原作名,魔法使いの嫁,,,キャラ名,羽鳥チセ,,,造型師,平山健二, 
BASTARD！！カイ・ハーン-monochromeRED-1/6完成品フィギュア[オーキッドシード]《０９月予約》,,,,,商品コード,FIGURE-018506,発売日,１６年０９月未定,ブランド名,オーキッドシード,,,,,原作名,BASTARD！！,,,キャラ名,カイ・ハーン,,,造型師,石山智, 
蒼の彼方のフォーリズム鳶沢みさき水着ver.1/7完成品フィギュア[回天堂]《０７月予約》,備考,※あみあみ限定特典は付きません。,,,商品コード,FIGURE-018509,発売日,１６年０７月未定,ブランド名,マベル,回天堂,,,,原作名,蒼の彼方のフォーリズム,,,キャラ名,鳶沢みさき,,,,,
【あみあみ限定特典】蒼の彼方のフォーリズム鳶沢みさき水着ver.1/7完成品フィギュア[回天堂]《０７月予約》,備考,※あみあみ限定特典が付きます。,,,商品コード,FIGURE-018510,発売日,１６年０７月未定,ブランド名,マベル,回天堂,,,,原作名,蒼の彼方のフォーリズム,,,キャラ名,鳶沢みさき,,,,,
ねんどろいどゼルダの伝説風のタクトHDゼルダ風のタクトHDVer.[グッドスマイルカンパニー]《１０月予約》,,,,,商品コード,FIGURE-018519,発売日,１６年１０月未定,ブランド名,グッドスマイルカンパニー,,シリーズ名,『ねんどろいど』シリーズ,ねんどろいど,原作名,ゼルダの伝説,,,キャラ名,ゼルダ姫,,,,,
アイドルマスターシンデレラガールズ神崎蘭子～RosenburgEngel～1/7完成品フィギュア[マックスファクトリー]《１１月予約》,,,,,商品コード,FIGURE-018521,発売日,１６年１１月未定,ブランド名,マックスファクトリー,,,,,原作名,THE IDOLM＠STER シンデレラガールズ,『THE IDOLM＠STER』シリーズ,,キャラ名,神崎蘭子,,,造型師,YOSHI[マックスファクトリー],
ラブライブ！星空凛1/8完成品フィギュア[フリーイング]《１１月予約》,,,,,商品コード,FIGURE-018523,発売日,１６年１１月未定,ブランド名,FREEing(フリーイング),,,,,原作名,ラブライブ！,『ラブライブ！』シリーズ,,キャラ名,星空凛,,,造型師,よこやま,
朧村正弓弦葉1/8完成品フィギュア[アルター]《１０月予約》,,,,,商品コード,FIGURE-018539,発売日,１６年１０月未定,ブランド名,ALTER(アルター),,,,,原作名,朧村正,,,キャラ名,弓弦葉,,,造型師,たなか☆せんう, 
THESEXSWEEPERS新条アキノ1/6完成品フィギュア[Q-six]《０８月予約》,備考,※あみあみ限定特典は付きません。,,,商品コード,FIGURE-018577,発売日,１６年０８月未定,ブランド名,Q-six(キューシックス),,,,,原作名,THE SEX SWEEPERS,,,キャラ名,新条アキノ,,,造型師,,
THESEXSWEEPERS新条アキノ日焼けver.1/6完成品フィギュア[Q-six]《０８月予約》,備考,※あみあみ限定特典は付きません。,,,商品コード,FIGURE-018578,発売日,１６年０８月未定,ブランド名,Q-six(キューシックス),,,,,原作名,THE SEX SWEEPERS,,,キャラ名,新条アキノ,,,造型師,,
Y-STYLEガールズ＆パンツァー秋山優花里浴衣Ver.1/8完成品フィギュア[フリーイング]《０８月予約》,,,,,商品コード,FIGURE-018604,発売日,１６年０８月未定,ブランド名,FREEing(フリーイング),,シリーズ名,Y-STYLE,,原作名,ガールズ＆パンツァー,『ガールズ＆パンツァー』シリーズ,,キャラ名,秋山優花里,,,,,
TowerofAION天族/シャドウウィング1/7完成品フィギュア[オーキッドシード]《０１月予約》,,,,,商品コード,FIGURE-018605,発売日,１７年０１月未定,ブランド名,オーキッドシード,,,,,原作名,タワーオブアイオン,,,キャラ名,シャドウ ウイング,,,造型師,内嶋靖浩[essence.], 
アイドルマスターミリオンライブ！望月杏奈VIVIDイマジネーション1/8完成品フィギュア[コトブキヤ]《０９月予約》,,,,,商品コード,FIGURE-018611,発売日,１６年０９月未定,ブランド名,KOTOBUKIYA(コトブキヤ),,,,,原作名,THE IDOLM＠STER MILLION LIVE!,『THE IDOLM＠STER』シリーズ,,キャラ名,望月杏奈,,,造型師,間崎祐介,
,,,,,,,,,,,,,,,,,,,,,,,,,
グランブルーファンタジーレ・フィーエ1/8完成品フィギュア[リボルブ]《０３月予約》,備考,※あみあみ限定特典は付きません。,,,商品コード,FIGURE-018619,発売日,１７年０３月未定,ブランド名,リボルブ,,,,,原作名,GRANBLUE FANTASY,,,キャラ名,レ・フィーエ,,,造型師,,
【あみあみ限定特典】グランブルーファンタジーレ・フィーエ1/8完成品フィギュア[リボルブ]《０３月予約》,備考,※あみあみ限定特典が付きます。,,,商品コード,FIGURE-018620,発売日,１７年０３月未定,ブランド名,リボルブ,,,,,原作名,GRANBLUE FANTASY,,,キャラ名,レ・フィーエ,,,造型師,,
貞影イラスト夢魔アスタシア(Astacia)1/5.5完成品フィギュア[ダイキ工業]《１０月予約》,備考,※あみあみ限定特典は付きません。,,,商品コード,FIGURE-018642,発売日,１６年１０月未定,ブランド名,ダイキ工業,,,,,原作名,≪オリジナルキャラクター≫,,,キャラ名,アスタシア,,,造型師,,
ねんどろいどこ～でSEGAfeat.HATSUNEMIKUProject初音ミクラズベリーイズムコーデ[グッドスマイルカンパニー]《０８月予約》,,,,,商品コード,FIGURE-018647,発売日,１６年０８月未定,ブランド名,グッドスマイルカンパニー,,シリーズ名,『ねんどろいど』シリーズ,ねんどろいどこ～で,原作名,初音ミク -Project DIVA- X,初音ミク -Project DIVA-,『VOCALOID』シリーズ,,,,,,,
ねんどろいどテラフォーマーズリベンジミッシェル・K・デイヴススーパームーバブル・エディション[グッドスマイルカンパニー]《０８月予約》,,,,,商品コード,FIGURE-018648,発売日,１６年０８月未定,ブランド名,グッドスマイルカンパニー,,シリーズ名,『ねんどろいど』シリーズ,ねんどろいど,原作名,テラフォーマーズ リベンジ,テラフォーマーズ,,キャラ名,,,,,,
ミディッチュ艦隊これくしょん-艦これ-大淀完成品フィギュア[ファット・カンパニー]《１０月予約》,,,,,商品コード,FIGURE-018650,発売日,１６年１０月未定,ブランド名,ファット・カンパニー,,シリーズ名,ミディッチュ,,原作名,艦隊これくしょん -艦これ-,,,キャラ名,大淀,,,造型師,,
劇場版『遊☆戯☆王THEDARKSIDEOFDIMENSIONS』アップル・マジシャン・ガール1/7完成品フィギュア[コトブキヤ]《０９月予約》,,,,,商品コード,FIGURE-018654,発売日,１６年０９月未定,ブランド名,KOTOBUKIYA(コトブキヤ),,,,,原作名,劇場版 遊☆戯☆王 THE DARK SIDE OF DIMENSIONS,『遊☆戯☆王』シリーズ,,キャラ名,アップル・マジシャン・ガール,,,造型師,白髭創,
劇場版『遊☆戯☆王THEDARKSIDEOFDIMENSIONS』レモン・マジシャン・ガール1/7完成品フィギュア[コトブキヤ]《１０月予約》,,,,,商品コード,FIGURE-018655,発売日,１６年１０月未定,ブランド名,KOTOBUKIYA(コトブキヤ),,,,,原作名,劇場版 遊☆戯☆王 THE DARK SIDE OF DIMENSIONS,『遊☆戯☆王』シリーズ,,キャラ名,レモン・マジシャン・ガール,,,造型師,ツチヤトモミ,
レジカラットSweetFlavorJewelcarnelianartworks1/6塗装済みキット[クレイズ]【送料無料】《０７月予約※暫定》,備考,※他の商品と同梱発送になる場合は別途送料が発生いたします。※代引手数料等、一部の決済手数料はご負担いただきます。,,,商品コード,FIGURE-018679,発売日,１６年０７月未定,ブランド名,cLayz(クレイズ),,シリーズ名,レジカラット,,,,,,,,,,造型師,宮川武[T’s system.], 
T2アート☆ガールズお嬢様のいたずら鐘火八重1/6完成品フィギュア（再販）[スカイチューブ]《１０月予約》,備考,※あみあみ限定特典は付きません。,,,商品コード,FIGURE-018683,発売日,１６年１０月未定,ブランド名,SkyTube(スカイチューブ),,,,,原作名,T2アート☆ガールズ,,,キャラ名,鐘火八重(お嬢様のいたずら),,,造型師,,
セブンスドラゴンIIIcode：VFDルーンナイト(ウーリェ)1/7完成品フィギュア[ヴェルテクス]《１０月予約》,備考,※あみあみ限定特典は付きません。,,,商品コード,FIGURE-018716,発売日,１６年１０月未定,ブランド名,ヴェルテクス,,,,,原作名,セブンスドラゴンIII code：VFD,セブンスドラゴン,,キャラ名,ルーンナイト(ウーリェ),,,,,
【あみあみ限定特典】セブンスドラゴンIIIcode：VFDルーンナイト(ウーリェ)1/7完成品フィギュア[ヴェルテクス]《１０月予約》,備考,※あみあみ限定特典が付きます。,,,商品コード,FIGURE-018717,発売日,１６年１０月未定,ブランド名,ヴェルテクス,,,,,原作名,セブンスドラゴンIII code：VFD,セブンスドラゴン,,キャラ名,ルーンナイト(ウーリェ),,,,,
Fate/GrandOrderセイバー/アルトリア・ペンドラゴン[オルタ]ドレスVer.1/7完成品フィギュア[アルター]《１１月予約》,,,,,商品コード,FIGURE-018718,発売日,１６年１１月未定,ブランド名,ALTER(アルター),,,,,原作名,Fate/Grand Order,『Fate』シリーズ,,キャラ名,セイバーオルタ,,,造型師,のぶた,
うたわれるもの偽りの仮面ネコネ1/7完成品フィギュア[ファニーナイツ]《０８月予約》,,,,,商品コード,FIGURE-018719,発売日,１６年０８月未定,ブランド名,アオシマ,ファニーナイツ,,,,原作名,うたわれるもの 偽りの仮面,うたわれるもの,,キャラ名,ネコネ,,,造型師,,
あみあみ限定版サノバウィッチ椎葉紬1/7完成品フィギュア[ブロッコリー]《１０月予約》,備考,※あみあみ限定特典は付きません。,,,商品コード,FIGURE-018732,発売日,１６年１０月未定,ブランド名,ブロッコリー,,,,,原作名,サノバウィッチ,,,キャラ名,椎葉紬,,,造型師,,
【あみあみ限定版＋限定特典】サノバウィッチ椎葉紬1/7完成品フィギュア[ブロッコリー]《１０月予約》,備考,※あみあみ限定特典が付きます。,,,商品コード,FIGURE-018733,発売日,１６年１０月未定,ブランド名,ブロッコリー,,,,,原作名,サノバウィッチ,,,キャラ名,椎葉紬,,,造型師,,
【あみあみ限定特典】T2アート☆ガールズお嬢様のいたずら鐘火八重1/6完成品フィギュア（再販）[スカイチューブ]《１０月予約》,備考,※あみあみ限定特典が付きます。,,,商品コード,FIGURE-018734,発売日,１６年１０月未定,ブランド名,SkyTube(スカイチューブ),,,,,原作名,T2アート☆ガールズ,,,キャラ名,鐘火八重(お嬢様のいたずら),,,造型師,,
【あみあみ限定特典】貞影イラスト夢魔アスタシア(Astacia)1/5.5完成品フィギュア[ダイキ工業]《１０月予約》,備考,※あみあみ限定特典が付きます。,,,商品コード,FIGURE-018735,発売日,１６年１０月未定,ブランド名,ダイキ工業,,,,,原作名,≪オリジナルキャラクター≫,,,キャラ名,アスタシア,,,造型師,,
ねんどろいど艦隊これくしょん-艦これ-翔鶴[グッドスマイルカンパニー]《０９月予約》,備考,※こちらは「翔鶴」単品です。「瑞鶴」単品とまとめてご注文頂いても同時購入特典は付属しません。,,,商品コード,FIGURE-018739,発売日,１６年０９月未定,ブランド名,グッドスマイルカンパニー,,シリーズ名,『ねんどろいど』シリーズ,ねんどろいど,原作名,艦隊これくしょん -艦これ-,,,,,,,,,
ねんどろいど艦隊これくしょん-艦これ-瑞鶴[グッドスマイルカンパニー]《０９月予約》,備考,※こちらは「瑞鶴」単品です。「翔鶴」単品とまとめてご注文頂いても同時購入特典は付属しません。,,,商品コード,FIGURE-018740,発売日,１６年０９月未定,ブランド名,グッドスマイルカンパニー,,シリーズ名,『ねんどろいど』シリーズ,ねんどろいど,原作名,艦隊これくしょん -艦これ-,,,,,,,,,
【特典】ねんどろいど艦隊これくしょん-艦これ-翔鶴＆瑞鶴2種セット[グッドスマイルカンパニー]《０９月予約》,,,,,商品コード,FIGURE-018741,発売日,１６年０９月未定,ブランド名,グッドスマイルカンパニー,,シリーズ名,『ねんどろいど』シリーズ,ねんどろいど,原作名,艦隊これくしょん -艦これ-,,,キャラ名,翔鶴,,,,,
艦隊これくしょん-艦これ-金剛1/7完成品フィギュア[ファット・カンパニー]《０９月予約》,,,,,商品コード,FIGURE-018742,発売日,１６年０９月未定,ブランド名,ファット・カンパニー,,,,,原作名,艦隊これくしょん -艦これ-,,,キャラ名,金剛,,,造型師,阿部昴大(Fenrir)/りゅういち(ピースメーカー), 
B-STYLEIS〈インフィニット・ストラトス〉更識楯無バニーVer.1/4完成品フィギュア[フリーイング]《１０月予約》,,,,,商品コード,FIGURE-018743,発売日,１６年１０月未定,ブランド名,FREEing(フリーイング),,シリーズ名,B-STYLE,,原作名,IS〈インフィニット・ストラトス〉,『IS〈インフィニット・ストラトス〉』シリーズ,,キャラ名,更識楯無,,,,,
艦隊これくしょん-艦これ-那珂ちゃん1/7完成品フィギュア[銀十字社]《１１月予約》,,,,,商品コード,FIGURE-018769,発売日,１６年１１月未定,ブランド名,銀十字社,,,,,原作名,艦隊これくしょん -艦これ-,,,キャラ名,那珂,,,造型師,潤[エルドラモデル], 
Re：ゼロから始める異世界生活エミリア1/8完成品フィギュア[コトブキヤ]《０９月予約》,,,,,商品コード,FIGURE-018770,発売日,１６年０９月未定,ブランド名,KOTOBUKIYA(コトブキヤ),,,,,原作名,Re：ゼロから始める異世界生活,,,キャラ名,エミリア,,,造型師,うに子, 
すーぱーそに子～カウガール～1/7完成品フィギュア[ヴェルテクス]《０８月予約》,,,,,商品コード,FIGURE-018772,発売日,１６年０８月未定,ブランド名,ヴェルテクス,,,,,原作名,『すーぱーそに子』シリーズ,ニトロプラス,,キャラ名,すーぱーそに子,,,造型師,エルドラモデル with Q/株式会社エムアイシー,
艦隊これくしょん-艦これ-翔鶴改二1/7完成品フィギュア[ファニーナイツ]《０７月予約》,,,,,商品コード,FIGURE-018777,発売日,１６年０７月未定,ブランド名,アオシマ,ファニーナイツ,,,,原作名,艦隊これくしょん -艦これ-,,,キャラ名,翔鶴,,,造型師,ユニテック、コケ[エム×ホリック],
アイドルマスターシンデレラガールズ渋谷凛1/8完成品フィギュア[ファット・カンパニー]《１０月予約》,,,,,商品コード,FIGURE-018815,発売日,１６年１０月未定,ブランド名,ファット・カンパニー,,,,,原作名,THE IDOLM＠STER シンデレラガールズ,『THE IDOLM＠STER』シリーズ,,キャラ名,渋谷凛,,,造型師,間崎祐介,
S-styleプリパラ南みれぃ水着Ver.1/12塗装済み組み立てフィギュア[フリーイング]《０８月予約》,,,,,商品コード,FIGURE-018816,発売日,１６年０８月未定,ブランド名,FREEing(フリーイング),,シリーズ名,S-style,,原作名,プリパラ,『プリティーリズム』シリーズ,,キャラ名,南みれぃ,,,,,
S-styleプリパラ東堂シオン水着Ver.1/12塗装済み組み立てフィギュア[フリーイング]《０８月予約》,,,,,商品コード,FIGURE-018817,発売日,１６年０８月未定,ブランド名,FREEing(フリーイング),,シリーズ名,S-style,,原作名,プリパラ,『プリティーリズム』シリーズ,,キャラ名,東堂シオン,,,,,
すーぱーぽちゃ子生フィギュアパティシエVer.1/6完成品フィギュア[キャラアニ]《０８月予約※暫定》,,,,,商品コード,FIGURE-018818,発売日,１６年０８月未定,ブランド名,KADOKAWA,キャラアニ,,,,原作名,すーぱーぽちゃ子,『すーぱーそに子』シリーズ,ニトロプラス,キャラ名,すーぱーぽちゃ子,,,,,
東方Projectレミリア・スカーレット［紅魔城伝説版］1/8完成品フィギュア[キューズQ]《１０月予約》,備考,※あみあみ限定特典は付きません。,,,商品コード,FIGURE-018870,発売日,１６年１０月未定,ブランド名,キューズQ,,,,,原作名,東方Project,,,キャラ名,レミリア・スカーレット,,,造型師,,
一騎当千ExtravaganzaEpoch孫策伯符1/8完成品フィギュア[ニュービジョントイズ]《０８月予約※暫定》,,,,,商品コード,FIGURE-018871,発売日,１６年０８月下旬,ブランド名,ニュービジョントイズ,,,,,原作名,一騎当千 Extravaganza Epoch,『一騎当千』シリーズ,,キャラ名,孫策伯符,,,造型師,中尾佳正,
【あみあみ限定特典】東方Projectレミリア・スカーレット［紅魔城伝説版］1/8完成品フィギュア[キューズQ]《１０月予約》,備考,※あみあみ限定特典が付きます。,,,商品コード,FIGURE-018873,発売日,１６年１０月未定,ブランド名,キューズQ,,,,,原作名,東方Project,,,キャラ名,レミリア・スカーレット,,,造型師,,
キューポッシュヱヴァンゲリヲン新劇場版綾波レイ可動フィギュア[コトブキヤ]《０９月予約》,,,,,商品コード,FIGURE-018890,発売日,１６年０９月未定,ブランド名,KOTOBUKIYA(コトブキヤ),,シリーズ名,キューポッシュ,,原作名,ヱヴァンゲリヲン新劇場版：Ｑ,『ヱヴァンゲリヲン新劇場版』シリーズ,『エヴァンゲリオン』シリーズ,キャラ名,,,,,,
キューポッシュヱヴァンゲリヲン新劇場版式波・アスカ・ラングレー可動フィギュア[コトブキヤ]《１０月予約》,,,,,商品コード,FIGURE-018891,発売日,１６年１０月未定,ブランド名,KOTOBUKIYA(コトブキヤ),,シリーズ名,キューポッシュ,,原作名,『ヱヴァンゲリヲン新劇場版』シリーズ,『エヴァンゲリオン』シリーズ,,キャラ名,惣流・アスカ・ラングレー(式波・アスカ・ラングレー),,,,,
キューポッシュえくすとらえんじぇるパーカーせっと[コトブキヤ]《０９月予約》,,,,,商品コード,FIGURE-018892,発売日,１６年０９月未定,ブランド名,KOTOBUKIYA(コトブキヤ),,シリーズ名,キューポッシュ,キューポッシュえくすとら,原作名,キューポッシュ,,,,,,,造型師,コトブキヤ,
キューポッシュえくすとらでびるパーカーせっと[コトブキヤ]《０９月予約》,,,,,商品コード,FIGURE-018893,発売日,１６年０９月未定,ブランド名,KOTOBUKIYA(コトブキヤ),,シリーズ名,キューポッシュ,キューポッシュえくすとら,原作名,キューポッシュ,,,,,,,造型師,コトブキヤ,
Fate/EXTRACCCセイバー深紅の現代衣装完成品フィギュア[フレア]《１０月予約》,,,,,商品コード,FIGURE-018895,発売日,１６年１０月未定,ブランド名,フレア,,,,,原作名,Fate/EXTRA CCC,『Fate』シリーズ,,キャラ名,セイバー(ネロ・クラウディウス),,,造型師,French Doll[Cerberus Project TM],
,,,,,,,,,,,,,,,,,,,,,,,,,
,,,,,,,,,,,,,,,,,,,,,,,,,
フィギュアーツZEROフレイア・ヴィオン『マクロスΔ』[バンダイ]《０９月予約》,,,,,商品コード,FIGURE-018910,発売日,１６年０９月下旬,ブランド名,BANDAI(バンダイ),,シリーズ名,フィギュアーツZERO(フィギュアーツゼロ),,原作名,マクロスΔ,『マクロス』シリーズ,『超時空』シリーズ,キャラ名,,,,,,
朧村正紺菊1/8完成品フィギュア（再販）[アルター]《１１月予約》,,,,,商品コード,FIGURE-018929,発売日,１６年１１月未定,ブランド名,ALTER(アルター),,,,,原作名,朧村正,,,キャラ名,紺菊,,,造型師,福元徳宝, 
ねんどろいど紅殻のパンドラクラリオン[グッドスマイルカンパニー]《１０月予約》,,,,,商品コード,FIGURE-018932,発売日,１６年１０月未定,ブランド名,グッドスマイルカンパニー,,シリーズ名,『ねんどろいど』シリーズ,ねんどろいど,原作名,紅殻のパンドラ,『攻殻機動隊』シリーズ,,キャラ名,,,,,,
ねんどろいど白猫プロジェクトミラ・フェンリエッタ[グッドスマイルカンパニー]《１０月予約》,,,,,商品コード,FIGURE-018933,発売日,１６年１０月未定,ブランド名,グッドスマイルカンパニー,,シリーズ名,『ねんどろいど』シリーズ,ねんどろいど,原作名,白猫プロジェクト,,,キャラ名,ミラ・フェンリエッタ,,,,,
PLAMAXMF-05minimumfactoryストライクウィッチーズ劇場版宮藤芳佳1/20プラモデル[マックスファクトリー]《０９月予約》,,,,,商品コード,FIGURE-018934,発売日,１６年０９月未定,ブランド名,マックスファクトリー,,シリーズ名,PLAMAX(プラマックス),,原作名,ストライクウィッチーズ劇場版,『ストライクウィッチーズ』シリーズ,,キャラ名,宮藤芳佳,,,,,
PLAMAXMF-06minimumfactoryストライクウィッチーズ劇場版坂本美緒1/20プラモデル[マックスファクトリー]《０９月予約》,,,,,商品コード,FIGURE-018935,発売日,１６年０９月未定,ブランド名,マックスファクトリー,,シリーズ名,PLAMAX(プラマックス),,原作名,ストライクウィッチーズ劇場版,『ストライクウィッチーズ』シリーズ,,キャラ名,坂本美緒,,,,,
figmaarchetypenext:shegraycolorver.[マックスファクトリー]《１０月予約》,,,,,商品コード,FIGURE-018938,発売日,１６年１０月未定,ブランド名,マックスファクトリー,,シリーズ名,figmaシリーズ,figma(フィグマ),,,,,,,,,造型師,浅井真紀, 
figmaarchetypenext：shefleshcolorver.[マックスファクトリー]《１０月予約》,,,,,商品コード,FIGURE-018940,発売日,１６年１０月未定,ブランド名,マックスファクトリー,,シリーズ名,figmaシリーズ,figma(フィグマ),,,,,,,,,造型師,浅井真紀, 
エロマンガ先生和泉紗霧1/8完成品フィギュア[アクアマリン]《０９月予約》,,,,,商品コード,FIGURE-018941,発売日,１６年０９月未定,ブランド名,アクアマリン,,,,,原作名,エロマンガ先生,,,キャラ名,和泉紗霧,,,造型師,本田平八, 
STATICARTSBUSTFINALFANTASYXIIIライトニングスタチュー[スクウェア・エニックス]《０９月予約》,,,,,商品コード,FIGURE-018952,発売日,１６年０９月未定,ブランド名,スクウェア・エニックス,,シリーズ名,スタティックアーツ,STATIC ARTS BUST,原作名,ファイナルファンタジーXIII,『ファイナルファンタジー』シリーズ,,キャラ名,,,,,,
コイカノ×アイカノ2カバーイラスト天柿ひなた1/5.5完成品フィギュア[ダイキ工業]《１１月予約》,備考,※あみあみ限定特典は付きません。,,,商品コード,FIGURE-018954,発売日,１６年１１月未定,ブランド名,ダイキ工業,,,,,原作名,コイカノ×アイカノ,,,キャラ名,天柿ひなた,,,造型師,,
ヨスガノソラ春日野穹1/7完成品フィギュア[アルファマックス]《１０月予約》,,,,,商品コード,FIGURE-018955,発売日,１６年１０月未定,ブランド名,アルファマックス,,,,,原作名,ヨスガノソラ,,,キャラ名,春日野穹,,,造型師,MOON, 
フレームアームズ・ガールバーゼラルドプラモデル[コトブキヤ]《０９月予約》,,,,,商品コード,FIGURE-018956,発売日,１６年０９月未定,ブランド名,KOTOBUKIYA(コトブキヤ),,シリーズ名,フレームアームズ,フレームアームズ・ガール,原作名,フレームアームズ,,,キャラ名,バーゼラルド,,,,,
,,,,,,,,,,,,,,,,,,,,,,,,,
ドリームテック蒼の彼方のフォーリズム倉科明日香1/8完成品フィギュア[WAVE]《０９月予約》,,,,,商品コード,FIGURE-018962,発売日,１６年０９月未定,ブランド名,WAVE(ウェーブ),,シリーズ名,DreamTech(ドリームテック),,原作名,蒼の彼方のフォーリズム,,,キャラ名,倉科明日香,,,造型師,,
KEIKO’SBeautyLinecollectionNo.C625翡翠(ジェダイト)1/7完成品フィギュア[クルシマ製作所]《０８月予約》,,,,,商品コード,FIGURE-018963,発売日,１６年０８月未定,ブランド名,クルシマ製作所,,シリーズ名,KEIKO’s Beauty Line collection,,原作名,≪オリジナルキャラクター：クルシマ製作所≫,≪オリジナルキャラクター≫,,キャラ名,翡翠(Jadeite),,,,,
【特典】てぃんくるオリジナルフィギュア雪月華舞-燐-完成品フィギュア[E☆2]《０８月予約》,,,,,商品コード,FIGURE-018972,発売日,１６年０８月中旬,ブランド名,E☆2(えつ),,,,,原作名,E☆2(えつ),,,,,,,造型師,宮川武, 
てぃんくるオリジナルフィギュア雪月華舞-燐-完成品フィギュア[E☆2]《０８月予約》,,,,,商品コード,FIGURE-018977,発売日,１６年０８月中旬,ブランド名,E☆2(えつ),,,,,原作名,E☆2(えつ),,,,,,,造型師,宮川武, 
りるびーシリーズひとり暮らしのOLを描きましたOLさん完成品フィギュア[A-TOYS]《０７月予約》,,,,,商品コード,FIGURE-019002,発売日,１６年０７月下旬,ブランド名,A-TOYS,,,,,原作名,ひとり暮らしのOLを描きました,,,キャラ名,OLさん,,,造型師,はつみスタジオ, 
ハイスクールD×DBorNリアス・グレモリーFledgeVacation.1/6完成品フィギュア[A＋]《０６月予約》,,,,,商品コード,FIGURE-019050,発売日,１６年０６月下旬,ブランド名,A＋(エイプラス),,,,,原作名,ハイスクールD×D BorN,『ハイスクールD×D』シリーズ,,キャラ名,リアス・グレモリー,,,造型師,龍佑,
【あみあみ限定特典】THESEXSWEEPERS新条アキノ1/6完成品フィギュア[Q-six]《０８月予約》,備考,※あみあみ限定特典が付きます。,,,商品コード,FIGURE-019067,発売日,１６年０８月未定,ブランド名,Q-six(キューシックス),,,,,原作名,THE SEX SWEEPERS,,,キャラ名,新条アキノ,,,造型師,,
【あみあみ限定特典】THESEXSWEEPERS新条アキノ日焼けver.1/6完成品フィギュア[Q-six]《０８月予約》,備考,※あみあみ限定特典が付きます。,,,商品コード,FIGURE-019068,発売日,１６年０８月未定,ブランド名,Q-six(キューシックス),,,,,原作名,THE SEX SWEEPERS,,,キャラ名,新条アキノ,,,造型師,,
ねんどろいどこ～でキャラクター・ボーカル・シリーズ01初音ミク赤い羽根共同募金運動創設70年記念コーデ[グッドスマイルカンパニー]《１０月予約》,,,,,商品コード,FIGURE-019097,発売日,１６年１０月未定,ブランド名,グッドスマイルカンパニー,,シリーズ名,『ねんどろいど』シリーズ,ねんどろいどこ～で,原作名,『VOCALOID』シリーズ,,,キャラ名,初音ミク,,,,,
figmaVehicles1/12IV号戦車車外装備品セット(茶)[マックスファクトリー]《０８月予約》,,,,,商品コード,FIGURE-019099,発売日,１６年０８月未定,ブランド名,マックスファクトリー,,シリーズ名,figmaシリーズ,figma Vehicles(フィグマビークルズ),,,,,,,,,造型師,柳生圭太[ランペイジ], 
B-STYLEIS〈インフィニット・ストラトス〉更識簪バニーVer.1/4完成品フィギュア[フリーイング]【送料無料】《１１月予約》,備考,※他の商品と同梱発送になる場合は別途送料が発生いたします。※代引手数料等、一部の決済手数料はご負担いただきます。,,,商品コード,FIGURE-019100,発売日,１６年１１月未定,ブランド名,FREEing(フリーイング),,シリーズ名,B-STYLE,,原作名,IS〈インフィニット・ストラトス〉,『IS〈インフィニット・ストラトス〉』シリーズ,,,,,,,,
グリザイアの果実榊由美子-チェリーレッド-1/7完成品フィギュア[オーキッドシード]《０９月予約》,,,,,商品コード,FIGURE-019116,発売日,１６年０９月未定,ブランド名,オーキッドシード,,,,,原作名,グリザイアの果実,『グリザイア』シリーズ,,キャラ名,榊由美子,,,造型師,みんへる[ブロンドパロット],
4-リーヴスToHeart2ダンジョントラベラーズファイターささら1/6完成品フィギュア[コトブキヤ]《１０月予約》,,,,,商品コード,FIGURE-019117,発売日,１６年１０月未定,ブランド名,KOTOBUKIYA(コトブキヤ),,シリーズ名,4-リーヴス,,原作名,ToHeart2 ダンジョントラベラーズ,『ダンジョントラベラーズ』シリーズ,,キャラ名,久寿川ささら,,,,,
劇場版『遊☆戯☆王THEDARKSIDEOFDIMENSIONS』劇場版ブラック・マジシャン・ガール1/7完成品フィギュア（再販）[コトブキヤ]《１０月予約》,,,,,商品コード,FIGURE-019118,発売日,１６年１０月未定,ブランド名,KOTOBUKIYA(コトブキヤ),,,,,原作名,劇場版 遊☆戯☆王 THE DARK SIDE OF DIMENSIONS,『遊☆戯☆王』シリーズ,,キャラ名,ブラック・マジシャン・ガール,,,造型師,白髭創,
,,,,,,,,,,,,,,,,,,,,,,,,,
「ハイスクール・フリート」晴風ガールズプロジェクト岬明乃　1/10完成品フィギュア[メガハウス]《０９月予約》,,,,,商品コード,FIGURE-019152,発売日,１６年０９月下旬,ブランド名,MegaHouse(メガハウス),,,,,原作名,ハイスクール・フリート,,,キャラ名,岬明乃,,,造型師,ろいん, 
ねんどろいど艦隊これくしょん-艦これ-大鳳[グッドスマイルカンパニー]《０９月予約》,,,,,商品コード,FIGURE-019170,発売日,１６年０９月未定,ブランド名,グッドスマイルカンパニー,,シリーズ名,『ねんどろいど』シリーズ,ねんどろいど,原作名,艦隊これくしょん -艦これ-,,,キャラ名,大鳳,,,,,
Fate/EXTRAキャスター［Fate/EXTRA］1/8完成品フィギュア（再販）[ファット・カンパニー]《１０月予約》,,,,,商品コード,FIGURE-019171,発売日,１６年１０月未定,ブランド名,ファット・カンパニー,,シリーズ名,ファット・カンパニー 1/8 完成品フィギュア,,原作名,Fate/EXTRA,『Fate』シリーズ,,キャラ名,キャスター(玉藻の前),,,,,
【あみあみ限定特典】コイカノ×アイカノ2カバーイラスト天柿ひなた1/5.5完成品フィギュア[ダイキ工業]《１１月予約》,備考,※あみあみ限定特典が付きます。,,,商品コード,FIGURE-019178,発売日,１６年１１月未定,ブランド名,ダイキ工業,,,,,原作名,コイカノ×アイカノ,,,キャラ名,天柿ひなた,,,造型師,,
ふしぎの海のナディアナディアやすらぎVer.1/7完成品フィギュア[ベルファイン]《０７月予約》,,,,,商品コード,FIGURE-019179,発売日,１６年０７月下旬,ブランド名,ベルファイン,,,,,原作名,ふしぎの海のナディア,,,キャラ名,ナディア,キング,,造型師,桜坂美紀[チェリーブロッサム],
HORROR美少女シザーハンズ1/7完成品フィギュア[コトブキヤ]《１０月予約》,,,,,商品コード,FIGURE-019185,発売日,１６年１０月未定,ブランド名,KOTOBUKIYA(コトブキヤ),,シリーズ名,美少女スタチュー,HORROR美少女,原作名,シザーハンズ,,,キャラ名,エドワード・シザーハンズ,,,,,
すーぱーぽちゃ子ランジェリーフットボール日焼けver.1/7完成品フィギュア[回天堂]《０８月予約》,備考,※あみあみ限定特典は付きません。,,,商品コード,FIGURE-019207,発売日,１６年０８月未定,ブランド名,マベル,回天堂,,,,原作名,ニトロプラス,,,キャラ名,すーぱーぽちゃ子,,,,,
【あみあみ限定特典】すーぱーぽちゃ子ランジェリーフットボール日焼けver.1/7完成品フィギュア[回天堂]《０８月予約》,備考,※あみあみ限定特典が付きます。,,,商品コード,FIGURE-019208,発売日,１６年０８月未定,ブランド名,マベル,回天堂,,,,原作名,ニトロプラス,,,キャラ名,すーぱーぽちゃ子,,,,,
うたわれるもの偽りの仮面ネコネ特典付き限定版1/7完成品フィギュア[ツクル(ノ)モリ]《０６月予約》,備考,※あみあみ限定特典は付きません。,,,商品コード,FIGURE-019209,発売日,１６年０６月下旬,ブランド名,ツクル(ノ)モリ,,,,,原作名,うたわれるもの 偽りの仮面,うたわれるもの,,キャラ名,ネコネ,,,,,
【あみあみ限定特典】うたわれるもの偽りの仮面ネコネ特典付き限定版1/7完成品フィギュア[ツクル(ノ)モリ]《０６月予約》,備考,※あみあみ限定特典が付きます。,,,商品コード,FIGURE-019210,発売日,１６年０６月下旬,ブランド名,ツクル(ノ)モリ,,,,,原作名,うたわれるもの 偽りの仮面,うたわれるもの,,キャラ名,ネコネ,,,,,
うたわれるもの偽りの仮面ネコネ通常版1/7完成品フィギュア[ツクル(ノ)モリ]《０６月予約》,,,,,商品コード,FIGURE-019211,発売日,１６年０６月下旬,ブランド名,ツクル(ノ)モリ,,,,,原作名,うたわれるもの 偽りの仮面,うたわれるもの,,キャラ名,ネコネ,,,造型師,2.5次元ファクトリー,
戦艦少女Rミニシリーズレキシントン完成品フィギュア[ホビーマックス]《１０月予約》,,,,,商品コード,FIGURE-019244,発売日,１６年１０月未定,ブランド名,ホビーマックス(ほびーまっくす),,,,,原作名,戦艦少女R,,,キャラ名,レキシントン,,,造型師,kiking、JK, 
この素晴らしい世界に祝福を！アクア1/8完成品フィギュア[ベルファイン]《０８月予約》,備考,※あみあみ限定特典は付きません。,,,商品コード,FIGURE-019246,発売日,１６年０８月下旬,ブランド名,ベルファイン,,,,,原作名,この素晴らしい世界に祝福を！,,,キャラ名,アクア,,,造型師,,
【あみあみ限定特典】この素晴らしい世界に祝福を！アクア1/8完成品フィギュア[ベルファイン]《０８月予約》,備考,※あみあみ限定特典が付きます。,,,商品コード,FIGURE-019247,発売日,１６年０８月下旬,ブランド名,ベルファイン,,,,,原作名,この素晴らしい世界に祝福を！,,,キャラ名,アクア,,,造型師,,
アイドルマスターシンデレラガールズ本田未央クリスタルナイトパーティVer.1/8完成品フィギュア[グッドスマイルカンパニー]《１２月予約》,,,,,商品コード,FIGURE-019277,発売日,１６年１２月未定,ブランド名,グッドスマイルカンパニー,,,,,原作名,THE IDOLM＠STER シンデレラガールズ,『THE IDOLM＠STER』シリーズ,,キャラ名,本田未央,,,造型師,トモゴマフ,
Tony’sBunnySisters宇佐美深雪1/4完成品フィギュア[フリーイング]【送料無料】《１１月予約》,備考,※他の商品と同梱発送になる場合は別途送料が発生いたします。※代引手数料等、一部の決済手数料はご負担いただきます。,,,商品コード,FIGURE-019278,発売日,１６年１１月未定,ブランド名,FREEing(フリーイング),,,,,原作名,≪オリジナルキャラクター：Tony≫,,,キャラ名,宇佐美深雪,,,造型師,,
ガールズ＆パンツァーあんこうチームフィギュアセット塗装済完成品（再販）[ぺあどっと]《０８月予約》,,,,,商品コード,FIGURE-019283,発売日,１６年０８月未定,ブランド名,ぺあどっと,,,,,原作名,ガールズ＆パンツァー,『ガールズ＆パンツァー』シリーズ,,キャラ名,西住みほ,五十鈴華,秋山優花里,,,
キューポッシュガールズ＆パンツァー西住まほ可動フィギュア[コトブキヤ]《１０月予約》,,,,,商品コード,FIGURE-019299,発売日,１６年１０月未定,ブランド名,KOTOBUKIYA(コトブキヤ),,,,,原作名,ガールズ＆パンツァー,『ガールズ＆パンツァー』シリーズ,,キャラ名,西住まほ,,,造型師,KEI TANAKA,
いまりあ愛原ほなみ1/6完成品フィギュア[スカイチューブ]《１２月予約》,,,,,商品コード,FIGURE-019309,発売日,１６年１２月未定,ブランド名,SkyTube(スカイチューブ),,,,,原作名,いまりあ,,,キャラ名,愛原ほなみ,,,造型師,2％, 
Fate/Zeroセイバー＆セイバー・モータード・キュイラッシェ1/8完成品フィギュア（再販）[グッドスマイルカンパニー]《０２月予約》,,,,,商品コード,FIGURE-019323,発売日,１７年０２月未定,ブランド名,グッドスマイルカンパニー,,,,,原作名,Fate/Zero,『Fate』シリーズ,,キャラ名,セイバー(アルトリア・ペンドラゴン),,,造型師,河原隆幸,
DimensionW百合崎ミラ1/8完成品フィギュア[グッドスマイルカンパニー]《１２月予約》,,,,,商品コード,FIGURE-019324,発売日,１６年１２月未定,ブランド名,グッドスマイルカンパニー,,,,,原作名,Dimension W,,,キャラ名,百合崎ミラ,,,造型師,加藤学, 
ねんどろいどこの素晴らしい世界に祝福を！アクア[グッドスマイルカンパニー]《１１月予約》,,,,,商品コード,FIGURE-019325,発売日,１６年１１月未定,ブランド名,グッドスマイルカンパニー,,シリーズ名,『ねんどろいど』シリーズ,ねんどろいど,原作名,この素晴らしい世界に祝福を！,,,キャラ名,アクア,,,,,
Tony’sBunnySisters宇佐美未夜1/4完成品フィギュア[フリーイング]《１１月予約》,,,,,商品コード,FIGURE-019327,発売日,１６年１１月未定,ブランド名,FREEing(フリーイング),,シリーズ名,B-STYLE,,原作名,≪オリジナルキャラクター：Tony≫,,,キャラ名,宇佐美未夜,,,造型師,,
ランジェリースタイルIS〈インフィニット・ストラトス〉凰鈴音1/8完成品フィギュア[WAVE]《１０月予約》,,,,,商品コード,FIGURE-019328,発売日,１６年１０月未定,ブランド名,WAVE(ウェーブ),,シリーズ名,DreamTech(ドリームテック),,原作名,IS〈インフィニット・ストラトス〉,『IS〈インフィニット・ストラトス〉』シリーズ,,キャラ名,凰鈴音(ファン・リンイン/ふぁん・りんいん),,,,,
FAIRYTAILエルザ・スカーレット・白猫Gravure_Style1/6完成品フィギュア[オルカトイズ]《１２月予約》,,,,,商品コード,FIGURE-019390,発売日,１６年１２月未定,ブランド名,ORCATOYS(オルカトイズ),,,,,原作名,FAIRY TAIL,,,キャラ名,エルザ・スカーレット,,,造型師,クラムジー零, 
ワルキューレロマンツェMore＆More龍造寺茜1/6完成品フィギュア[A＋]《０７月予約》,,,,,商品コード,FIGURE-019391,発売日,１６年０７月下旬,ブランド名,A＋(エイプラス),,,,,原作名,ワルキューレ・ロマンツェ More＆More,ワルキューレ・ロマンツェ,,キャラ名,龍造寺茜,,,造型師,龍佑,
ねんどろいど艦隊これくしょん-艦これ-時雨改二[グッドスマイルカンパニー]《１１月予約》,,,,,商品コード,FIGURE-019444,発売日,１６年１１月未定,ブランド名,グッドスマイルカンパニー,,シリーズ名,『ねんどろいど』シリーズ,ねんどろいどこ～で,原作名,艦隊これくしょん -艦これ-,,,キャラ名,時雨,,,,,
ねんどろいどこ～でSEGAfeat.HATSUNEMIKUProject初音ミクスイートパンプキンコーデ[グッドスマイルカンパニー]《１０月予約》,,,,,商品コード,FIGURE-019445,発売日,１６年１０月未定,ブランド名,グッドスマイルカンパニー,,シリーズ名,『ねんどろいど』シリーズ,ねんどろいどこ～で,原作名,『VOCALOID』シリーズ,,,キャラ名,初音ミク,,,,,
B-STYLEIS〈インフィニット・ストラトス〉凰鈴音バニーVer.1/4完成品フィギュア[フリーイング]《１２月予約》,,,,,商品コード,FIGURE-019446,発売日,１６年１２月未定,ブランド名,FREEing(フリーイング),,シリーズ名,B-STYLE,,原作名,IS〈インフィニット・ストラトス〉,『IS〈インフィニット・ストラトス〉』シリーズ,,キャラ名,凰鈴音(ファン・リンイン/ふぁん・りんいん),,,,,
東方プロジェクト“悪魔の妹”フランドール・スカーレット1/8完成品フィギュア（再販）[キューズQ]《１１月予約》,備考,※あみあみ限定特典は付きません。,,,商品コード,FIGURE-019452,発売日,１６年１１月未定,ブランド名,キューズQ,,,,,原作名,東方Project,,,キャラ名,フランドール・スカーレット,,,造型師,,
【あみあみ限定特典】東方プロジェクト“悪魔の妹”フランドール・スカーレット1/8完成品フィギュア（再販）[キューズQ]《１１月予約》,備考,※あみあみ限定特典が付きます。,,,商品コード,FIGURE-019453,発売日,１６年１１月未定,ブランド名,キューズQ,,,,,原作名,東方Project,,,キャラ名,フランドール・スカーレット,,,造型師,,
グランブルーファンタジーダヌア1/8完成品フィギュア[コトブキヤ]《１０月予約》,,,,,商品コード,FIGURE-019470,発売日,１６年１０月未定,ブランド名,KOTOBUKIYA(コトブキヤ),,,,,原作名,GRANBLUE FANTASY,,,キャラ名,ダヌア,,,造型師,松本江永, 
七つの大罪魔王黙示録嫉妬の章レヴィアタン叛傑ホットパンツノ節桃色ノ項1/7完成品フィギュア[オーキッドシード]《１０月予約》,,,,,商品コード,FIGURE-019476,発売日,１６年１０月未定,ブランド名,オーキッドシード,,,,,原作名,七つの大罪,,,キャラ名,レヴィアタン,,,造型師,タナカマサノリ[ジェットストリーム], 
ねんどろいどブブキ・ブランキ朝吹黄金+右手ちゃんセット[グッドスマイルカンパニー]《１１月予約》,,,,,商品コード,FIGURE-019493,発売日,１６年１１月未定,ブランド名,グッドスマイルカンパニー,,シリーズ名,『ねんどろいど』シリーズ,ねんどろいど,原作名,ブブキ・ブランキ,,,キャラ名,朝吹黄金,,,,,
figma艦隊これくしょん-艦これ-プリンツ・オイゲン[マックスファクトリー]《１１月予約》,,,,,商品コード,FIGURE-019495,発売日,１６年１１月未定,ブランド名,マックスファクトリー,,シリーズ名,figmaシリーズ,figma(フィグマ),原作名,艦隊これくしょん -艦これ-,,,キャラ名,プリンツ・オイゲン,,,,,
ガールズ＆パンツァー西住みほ制服＆あんこうスーツVer.1/4完成品フィギュア[フリーイング]《１０月予約》,,,,,商品コード,FIGURE-019496,発売日,１６年１０月未定,ブランド名,FREEing(フリーイング),,,,,原作名,ガールズ＆パンツァー,『ガールズ＆パンツァー』シリーズ,,キャラ名,西住みほ,,,造型師,FREEing,
少女前線少女前線モーゼルKar98K1/8完成品フィギュア[ホビーマックス]《１２月予約》,,,,,商品コード,FIGURE-019497,発売日,１６年１２月未定,ブランド名,ホビーマックス(ほびーまっくす),,,,,原作名,少女前線,,,キャラ名,モーゼルKar98K,,,造型師,瑪雅, 
朧村正百姫～OIRONAOSHI～1/8完成品フィギュア[アルター]《１２月予約》,,,,,商品コード,FIGURE-019501,発売日,１６年１２月未定,ブランド名,ALTER(アルター),,,,,原作名,朧村正,,,キャラ名,百姫,,,造型師,福元徳宝, 
すーぱーぽちゃ子日焼けVer.1/3完成品ポリレジンフィギュア[A-TOYS]【同梱不可】【送料無料】《０８月予約》,備考,※商品形態等の都合上、他の商品との同梱発送はできません。※代引手数料等、一部の決済手数料はご負担いただきます。,,,商品コード,FIGURE-019518,発売日,１６年０８月未定,ブランド名,A-TOYS,,,,,原作名,『すーぱーそに子』シリーズ,ニトロプラス,,キャラ名,すーぱーぽちゃ子,,,,,
,,,,,,,,,,,,,,,,,,,,,,,,,
,,,,,,,,,,,,,,,,,,,,,,,,,
艦隊これくしょん-艦これ-大井改二1/8完成品フィギュア[キューズQ]《１０月予約》,,,,,商品コード,FIGURE-019552,発売日,１６年１０月未定,ブランド名,キューズQ,,,,,原作名,艦隊これくしょん -艦これ-,,,キャラ名,大井,,,造型師,ケロリソ, 
figmaFate/EXTRAキャスター[マックスファクトリー]《１０月予約》,,,,,商品コード,FIGURE-019560,発売日,１６年１０月未定,ブランド名,マックスファクトリー,,シリーズ名,figmaシリーズ,figma(フィグマ),原作名,Fate/EXTRA,『Fate』シリーズ,,キャラ名,,,,,,
HOBBYHORSEMODELSゾンビーガール1/8ポリストーン塗装済完成品フィギュア（再販）[回天堂]《０９月予約》,,,,,商品コード,FIGURE-019570,発売日,１６年０９月未定,ブランド名,マベル,回天堂,,,,,,,,,,,,造型師,石井遊, 
HOBBYHORSEMODELSゾンビーガールリペイント1/8ポリストーン塗装済完成品フィギュア[回天堂]《０９月予約》,,,,,商品コード,FIGURE-019571,発売日,１６年０９月未定,ブランド名,マベル,回天堂,,,,,,,,,,,,造型師,石井遊, 
フレームアームズ・ガール迅雷IndigoVer.プラモデル[コトブキヤ]《１０月予約》,,,,,商品コード,FIGURE-019586,発売日,１６年１０月未定,ブランド名,KOTOBUKIYA(コトブキヤ),,シリーズ名,フレームアームズ,フレームアームズ・ガール,原作名,フレームアームズ,,,キャラ名,迅雷,,,,,
そにアニすーぱーそに子レーシングVer.1/7完成品フィギュア[マックスファクトリー]《０１月予約》,,,,,商品コード,FIGURE-019628,発売日,１７年０１月未定,ブランド名,マックスファクトリー,,,,,原作名,そにアニ,『すーぱーそに子』シリーズ,ニトロプラス,キャラ名,すーぱーそに子,,,造型師,,
デビルサバイバー2ブレイクレコード菅野史1/8完成品フィギュア[ファット・カンパニー]《１２月予約》,,,,,商品コード,FIGURE-019629,発売日,１６年１２月未定,ブランド名,ファット・カンパニー,,,,,原作名,デビルサバイバー2,『デビルサバイバー』シリーズ,『女神転生』シリーズ,キャラ名,菅野史,,,造型師,,
DCCOMICS美少女DCUNIVERSEワンダーガール1/7完成品フィギュア[コトブキヤ]《１１月予約》,,,,,商品コード,FIGURE-019684,発売日,１６年１１月未定,ブランド名,KOTOBUKIYA(コトブキヤ),,シリーズ名,美少女スタチュー,DC COMICS美少女(DC×美少女),原作名,DCコミックス,,,キャラ名,ワンダーウーマン(ダイアナ),,,,,
カプコンフィギュアビルダークリエイターズモデルヴァンパイアモリガン・アーンスランド(ナースVer.)完成品フィギュア[カプコン]《０９月予約》,,,,,商品コード,FIGURE-019688,発売日,１６年０９月下旬,ブランド名,カプコン,,シリーズ名,カプコンフィギュアビルダー,カプコンフィギュアビルダー クリエイターズモデル,原作名,ヴァンパイア,『ヴァンパイア』シリーズ,,キャラ名,,,,,,
マッシュルームパーティードクツルタケ完成品フィギュア[エクスプラス]《０６月予約》,,,,,商品コード,FIGURE-019694,発売日,１６年０６月未定,ブランド名,X-PLUS(エクスプラス),,,,,原作名,マッシュルームパーティー,,,キャラ名,ドクツルタケ,,,造型師,行平咲、小川クロ, 
B-STYLEガールズ＆パンツァー秋山優花里制服＆あんこうスーツVer.1/4完成品フィギュア[フリーイング]《１１月予約》,,,,,商品コード,FIGURE-019720,発売日,１６年１１月未定,ブランド名,FREEing(フリーイング),,シリーズ名,B-STYLE,,原作名,ガールズ＆パンツァー,『ガールズ＆パンツァー』シリーズ,,キャラ名,秋山優花里,,,,,
【特典】エクセレントモデルCOREビキニ・ウォリアーズEXヴァルキリー1/8完成品フィギュア[メガハウス]《１０月予約》,備考,※一部店舗限定特典が付属します。,,,商品コード,FIGURE-019726,発売日,１６年１０月下旬,ブランド名,MegaHouse(メガハウス),,シリーズ名,『エクセレントモデル』シリーズ,エクセレントモデルCORE,原作名,ビキニ・ウォリアーズ,,,,,,,,,
【特典】エクセレントモデル神羅万象チョコ魔戦姫アスモディエス1/8完成品フィギュア[メガハウス]《０９月予約》,備考,※一部店舗限定特典が付属します。,,,商品コード,FIGURE-019727,発売日,１６年０９月下旬,ブランド名,MegaHouse(メガハウス),,シリーズ名,『エクセレントモデル』シリーズ,エクセレントモデル,原作名,神羅万象,,,,,,,,,
一騎当千ExtravaganzaEpoch趙雲子龍CamiVer.開眼WHITE1/6完成品フィギュア[アイズ・プロジェクト]《０８月予約》,,,,,商品コード,FIGURE-019755,発売日,１６年０８月未定,ブランド名,AIZU PROJECT(アイズ・プロジェクト),,シリーズ名,キャミ・シリーズ,,原作名,一騎当千 Extravaganza Epoch,『一騎当千』シリーズ,,キャラ名,趙雲子龍,,,,,
一騎当千ExtravaganzaEpoch趙雲子龍CamiVer.開眼BLACK1/6完成品フィギュア[アイズ・プロジェクト]《０８月予約》,,,,,商品コード,FIGURE-019756,発売日,１６年０８月未定,ブランド名,AIZU PROJECT(アイズ・プロジェクト),,シリーズ名,キャミ・シリーズ,,原作名,一騎当千 Extravaganza Epoch,『一騎当千』シリーズ,,キャラ名,趙雲子龍,,,,,
ねんどろいどNEWGAME！涼風青葉[グッドスマイルカンパニー]《１０月予約》,,,,,商品コード,FIGURE-019807,発売日,１６年１０月未定,ブランド名,グッドスマイルカンパニー,,,,,原作名,NEW GAME！,,,キャラ名,涼風青葉,,,造型師,カタハライタシ, 
六花の勇者フレミー・スピッドロウ1/8完成品フィギュア[フリーイング]《１０月予約》,,,,,商品コード,FIGURE-019809,発売日,１６年１０月未定,ブランド名,FREEing(フリーイング),,,,,原作名,六花の勇者,,,キャラ名,フレミー・スピッドロウ,,,造型師,ヤドカリ, 
ご注文はうさぎですか？？シャロバニーVer.1/7完成品フィギュア[キャラアニ]《０９月予約》,,,,,商品コード,FIGURE-019810,発売日,１６年０９月未定,ブランド名,KADOKAWA,キャラアニ,,,,原作名,ご注文はうさぎですか？？,ご注文はうさぎですか？,,キャラ名,桐間紗路(シャロ),,,造型師,,
ARTFXJサクラ大戦真宮寺さくら1/8完成品フィギュア[コトブキヤ]《１０月予約》,,,,,商品コード,FIGURE-019811,発売日,１６年１０月未定,ブランド名,KOTOBUKIYA(コトブキヤ),,,,,原作名,サクラ大戦,『サクラ大戦』シリーズ,,キャラ名,真宮寺さくら,,,造型師,HIDE,
艦隊これくしょん-艦これ-瑞鶴改二1/7完成品フィギュア[ファニーナイツ]《０９月予約》,,,,,商品コード,FIGURE-019815,発売日,１６年０９月未定,ブランド名,アオシマ,ファニーナイツ,,,,原作名,艦隊これくしょん -艦これ-,,,キャラ名,瑞鶴,,,造型師,ユニテック、コケ[エム×ホリック],
閃乱カグラ葛城お祭りVer.1/6完成品フィギュア[アミエ・グラン]《１０月予約》,,,,,商品コード,FIGURE-019822,発売日,１６年１０月未定,ブランド名,アミエ・グラン,,,,,原作名,閃乱カグラ ESTIVAL VERSUS -少女達の選択-,閃乱カグラ,『閃乱カグラ』シリーズ,キャラ名,葛城,,,造型師,,
