装甲悪鬼村正三世村正1/7完成品フィギュア（再販）[ウイング]《０８月予約》,商品コード,FIGURE-005493-S001,発売日,１６年０８月未定,原作名,装甲悪鬼村正,キャラ名,三世村正,造型師,絵里子[新居興業], ,<li class="selling_price_caption">商品ページQRコード,<li class="selling_price">,
figmaファイアーエムブレム覚醒ルキナ（再販）[グッドスマイルカンパニー]《０８月予約》,商品コード,FIGURE-009329-S001,発売日,１６年０８月未定,ブランド名,グッドスマイルカンパニー,シリーズ名,figmaシリーズ,figma(フィグマ),原作名,ファイアーエムブレム 覚醒,『ファイアーエムブレム』シリーズ,キャラ名,
フレームアームズ・ガール轟雷プラモデル（再販）[コトブキヤ]《０７月予約》,商品コード,FIGURE-009639-S002,発売日,１６年０７月未定,ブランド名,KOTOBUKIYA(コトブキヤ),シリーズ名,フレームアームズ,フレームアームズ・ガール,原作名,フレームアームズ,キャラ名,轟雷,
Fate/Apocrypha“赤”のセイバー-モードレッド-1/7完成品フィギュア（再販）[アクアマリン]《０９月予約》,商品コード,FIGURE-010569-S001,発売日,１６年０９月未定,ブランド名,アクアマリン,原作名,Fate/Apocrypha,『Fate』シリーズ,キャラ名,セイバー(モードレッド),造型師,ゆきうさ,
艦隊これくしょん-艦これ-雷-アニメver.-1/8完成品フィギュア（再販）[コトブキヤ]《０９月予約》,商品コード,FIGURE-010942-S001,発売日,１６年０９月未定,ブランド名,KOTOBUKIYA(コトブキヤ),原作名,艦隊これくしょん -艦これ-,キャラ名,雷,造型師,中邨拓智, ,
艦隊これくしょん-艦これ-電-アニメver.-1/8完成品フィギュア（再販）[コトブキヤ]《１０月予約》,商品コード,FIGURE-011068-S001,発売日,１６年１０月未定,ブランド名,KOTOBUKIYA(コトブキヤ),原作名,艦隊これくしょん -艦これ-,キャラ名,電,造型師,尊成, ,
1/35ガールズ＆パンツァーあんこうチームフィギュアセットお掃除バージョンです！未塗装キット（再販）[プラッツ]《０６月予約》,商品コード,FIGURE-013424-S001,発売日,１６年０６月未定,ブランド名,Platz(プラッツ),原作名,ガールズ＆パンツァー,『ガールズ＆パンツァー』シリーズ,キャラ名,西住みほ,秋山優花里,五十鈴華,
ウルトラ怪獣擬人化計画マグマ星人　完成品フィギュア[サプライズネクスト]《０６月予約※暫定》,商品コード,FIGURE-013799,発売日,１６年０６月未定,ブランド名,サプライズネクスト,原作名,ウルトラ怪獣擬人化計画,『ウルトラマン』シリーズ,キャラ名,マグマ星人,造型師,サプライズネクスト,
リアルアクションヒーローズNo.740RAHFate/EXTRACCCセイバー・ブライド[メディコム・トイ]【送料無料】《０７月予約》,備考,※他の商品と同梱発送になる場合は別途送料が発生いたします。※代引手数料等、一部の決済手数料はご負担いただきます。,商品コード,FIGURE-013898,発売日,１６年０７月未定,ブランド名,メディコム・トイ,シリーズ名,リアルアクションヒーローズ,原作名,Fate/EXTRA CCC,『Fate』シリーズ,
リアルアクションヒーローズNo.741RAHMGM劇場版魔法少女まどか☆マギカ百江なぎさ[メディコム・トイ]【送料無料】《０７月予約※暫定》,備考,※他の商品と同梱発送になる場合は別途送料が発生いたします。※代引手数料等、一部の決済手数料はご負担いただきます。,商品コード,FIGURE-013899,発売日,１６年０７月未定,ブランド名,メディコム・トイ,シリーズ名,リアルアクションヒーローズ,原作名,劇場版 魔法少女まどか☆マギカ [新編]叛逆の物語,魔法少女まどか☆マギカ,
蒼き鋼のアルペジオ-アルス・ノヴァ-霧くまsイオナ完成品フィギュア[ファット・カンパニー]《０６月予約》,商品コード,FIGURE-014135,発売日,１６年０６月未定,ブランド名,ファット・カンパニー,原作名,蒼き鋼のアルペジオ -アルス・ノヴァ-,『蒼き鋼のアルペジオ』シリーズ,キャラ名,イオナ(イ401),造型師,HIRO[ATELIER HIRO],
食戟のソーマ薙切えりな1/8完成品フィギュア[グッドスマイルカンパニー]《０６月予約》,商品コード,FIGURE-014553,発売日,１６年０６月未定,ブランド名,グッドスマイルカンパニー,原作名,食戟のソーマ,キャラ名,薙切えりな,造型師,根本克昭, ,
【あみあみ限定特典】ちょこすた超次元ゲイムネプテューヌネプギア完成品フィギュア[ブロッコリー]《０７月予約》,備考,※あみあみ限定特典が付きます。,商品コード,FIGURE-014674,発売日,１６年０７月未定,ブランド名,ブロッコリー,シリーズ名,ちょこすた,原作名,超次元ゲイム ネプテューヌ,『ネプテューヌ』シリーズ,
ラブライブ！スクールアイドルフェスティバル矢澤にこ1/7完成品フィギュア[アルター]《０６月予約》,商品コード,FIGURE-014713,発売日,１６年０６月未定,ブランド名,ALTER(アルター),原作名,ラブライブ！スクールアイドルフェスティバル,『ラブライブ！』シリーズ,キャラ名,矢澤にこ,造型師,タカク＆タケシ,
城姫クエスト会津若松城1/7完成品フィギュア[双翼社]《０７月予約》,商品コード,FIGURE-014749,発売日,１６年０７月未定,ブランド名,双翼社,原作名,城姫クエスト,キャラ名,会津若松城,造型師,双翼社, ,
一騎当千ExtravaganzaEpoch趙雲子龍・BunnyスペシャルTYPER1/6完成品フィギュア[オルカトイズ]《０７月予約※暫定》,商品コード,FIGURE-014882,発売日,１６年０７月未定,ブランド名,ORCATOYS(オルカトイズ),原作名,一騎当千 Extravaganza Epoch,『一騎当千』シリーズ,キャラ名,趙雲子龍,造型師,高橋剛[一期栄華一杯酒],
ガールズ＆パンツァー秋山優花里完成品フィギュア[フレア]《０６月予約》,商品コード,FIGURE-015026,発売日,１６年０６月未定,ブランド名,フレア,原作名,ガールズ＆パンツァー,『ガールズ＆パンツァー』シリーズ,キャラ名,秋山優花里,造型師,French Doll(Cerberus Project TM)+SIC,
フレームアームズ・ガールアーキテクトプラモデル（再販）[コトブキヤ]《０７月予約》,商品コード,FIGURE-015377-S001,発売日,１６年０７月未定,ブランド名,KOTOBUKIYA(コトブキヤ),シリーズ名,フレームアームズ,フレームアームズ・ガール,原作名,フレームアームズ,キャラ名,アーキテクト,
艦隊これくしょん-艦これ-高雄1/8完成品フィギュア[キューズQ]《０７月予約》,商品コード,FIGURE-015625,発売日,１６年０７月未定,ブランド名,キューズQ,原作名,艦隊これくしょん -艦これ-,キャラ名,高雄,造型師,Noin、松宮誠一, ,
装甲悪鬼村正三世村正ナースver.1/6完成品フィギュア[スカイチューブ]《０６月予約》,商品コード,FIGURE-015929,発売日,１６年０６月未定,ブランド名,SkyTube(スカイチューブ),原作名,装甲悪鬼村正,キャラ名,三世村正,造型師,HIRO, ,
一騎当千集鍔闘士血風録孫策伯符バスタオルVer.1/5完成品フィギュア[アイズ・プロジェクト]《０５月予約※暫定》,商品コード,FIGURE-015967,発売日,１６年０５月未定,ブランド名,AIZU PROJECT(アイズ・プロジェクト),原作名,一騎当千 集鍔闘士血風録,『一騎当千』シリーズ,キャラ名,孫策伯符,造型師,對馬琢章[Fig.1],
ロウきゅーぶ！SS湊智花～ウェディングVer.～1/7完成品フィギュア[プラム]《０７月予約》,備考,※あみあみ限定特典は付きません。,商品コード,FIGURE-016130,発売日,１６年０７月未定,ブランド名,ピーエムオフィスエー,PLUM(プラム),原作名,ロウきゅーぶ！SS,ロウきゅーぶ！,キャラ名,
【あみあみ限定特典】ロウきゅーぶ！SS湊智花～ウェディングVer.～1/7完成品フィギュア[プラム]《０７月予約》,備考,※あみあみ限定特典が付きます。,商品コード,FIGURE-016131,発売日,１６年０７月未定,ブランド名,ピーエムオフィスエー,PLUM(プラム),原作名,ロウきゅーぶ！SS,ロウきゅーぶ！,キャラ名,
S-styleすーぱーそに子水着Ver.1/12塗装済み組み立てフィギュア[フリーイング]《０６月予約》,商品コード,FIGURE-016133,発売日,１６年０６月未定,ブランド名,FREEing(フリーイング),原作名,『すーぱーそに子』シリーズ,ニトロプラス,キャラ名,すーぱーそに子,造型師,FREEing,
キューティーハニーInfinitePremiumver.OC(originalcolor)1/6完成品フィギュア[オルカトイズ]《０７月予約》,商品コード,FIGURE-016229,発売日,１６年０７月未定,ブランド名,ORCATOYS(オルカトイズ),原作名,キューティーハニー,永井豪,キャラ名,如月ハニー(キューティーハニー),造型師,藤井たかし,
Fate/GrandOrderセイバー/沖田総司1/7完成品フィギュア[アクアマリン]《０６月予約》,商品コード,FIGURE-016314,発売日,１６年０６月未定,ブランド名,アクアマリン,原作名,Fate/Grand Order,『Fate』シリーズ,キャラ名,桜セイバー(沖田総司),造型師,かわにしけん,
神撃のバハムートディアドラグーン・フォルテ1/8完成品フィギュア[コトブキヤ]《０６月予約》,商品コード,FIGURE-016315,発売日,１６年０６月未定,ブランド名,KOTOBUKIYA(コトブキヤ),シリーズ名,コトブキヤ 完成品フィギュア,コトブキヤ 1/8 完成品フィギュア,原作名,神撃のバハムート,キャラ名,ディアドラグーン・フォルテ,
【あみあみ限定特典】AngelBeats！-1stbeat-「天使」1/8完成品フィギュア[ブロッコリー]《０８月予約》,備考,※あみあみ限定特典が付きます。,商品コード,FIGURE-016488,発売日,１６年０８月未定,ブランド名,ブロッコリー,原作名,Angel Beats！ -1st beat-,『Angel Beats！』シリーズ,ビジュアルアーツ,キャラ名,
秘書課初美ゆき1/7完成品フィギュア[ダイキ工業]《０７月予約》,商品コード,FIGURE-016701,発売日,１６年０７月未定,ブランド名,ダイキ工業,原作名,≪オリジナルキャラクター≫,キャラ名,初美ゆき,造型師,CL, ,
B-STYLEキャラクター・ボーカル・シリーズ01初音ミクSNOWMIKU1/4完成品フィギュア[フリーイング]【送料無料】《０７月予約》,備考,※他の商品と同梱発送になる場合は別途送料が発生いたします。※代引手数料等、一部の決済手数料はご負担いただきます。,商品コード,FIGURE-016772,発売日,１６年０７月未定,ブランド名,FREEing(フリーイング),原作名,『VOCALOID』シリーズ,キャラ名,初音ミク,造型師,
一騎当千集鍔闘士血風録孫策伯符バスタオルVer.【日焼け版】1/5完成品フィギュア[アイズ・プロジェクト]《０６月予約※暫定》,商品コード,FIGURE-017048,発売日,１６年０６月未定,ブランド名,AIZU PROJECT(アイズ・プロジェクト),原作名,一騎当千 集鍔闘士血風録,『一騎当千』シリーズ,キャラ名,孫策伯符,造型師,對馬琢章[Fig.1],
サノバウィッチ椎葉紬1/7完成品フィギュア[ブロッコリー]《１０月予約》,備考,※あみあみ限定特典は付きません。,商品コード,FIGURE-017120,発売日,１６年１０月未定,ブランド名,ブロッコリー,原作名,サノバウィッチ,キャラ名,椎葉紬,造型師,
【あみあみ限定特典】サノバウィッチ椎葉紬1/7完成品フィギュア[ブロッコリー]《１０月予約》,備考,※あみあみ限定特典が付きます。,商品コード,FIGURE-017121,発売日,１６年１０月未定,ブランド名,ブロッコリー,原作名,サノバウィッチ,キャラ名,椎葉紬,造型師,
【特典】エクセレントモデルCOREビキニ・ウォリアーズEXメイジ【DXVer.】1/8完成品フィギュア[メガハウス]《０６月予約》,備考,※こちらの商品はメガトレショップ、あみあみ、他一部店舗限定での取り扱いとなります。,商品コード,FIGURE-017166,発売日,１６年０６月下旬,ブランド名,MegaHouse(メガハウス),シリーズ名,『エクセレントモデル』シリーズ,エクセレントモデルCORE,原作名,ビキニ・ウォリアーズ,
セブンスドラゴンIIIcode：VFDフォーチュナー(ムルムル)1/7完成品フィギュア[コトブキヤ]《０７月予約》,商品コード,FIGURE-017213,発売日,１６年０７月未定,ブランド名,KOTOBUKIYA(コトブキヤ),シリーズ名,コトブキヤ 完成品フィギュア,コトブキヤ 1/7 完成品フィギュア,原作名,セブンスドラゴンIII code：VFD,セブンスドラゴン,キャラ名,
キューポッシュフレンズシェリー-Cherie-可動フィギュア[コトブキヤ]《０８月予約》,商品コード,FIGURE-017269,発売日,１６年０８月未定,ブランド名,KOTOBUKIYA(コトブキヤ),シリーズ名,キューポッシュ,キューポッシュフレンズ,原作名,キューポッシュ,キャラ名,シェリー,
三国志大戦トレーディングカードゲーム何太后1/7完成品フィギュア[ヴェルテクス]《０８月予約》,備考,※あみあみ限定特典は付きません。,商品コード,FIGURE-017387,発売日,１６年０８月未定,ブランド名,ヴェルテクス,原作名,三国志大戦,キャラ名,何太后,造型師,
【あみあみ限定特典】三国志大戦トレーディングカードゲーム何太后1/7完成品フィギュア[ヴェルテクス]《０８月予約》,備考,※あみあみ限定特典が付きます。,商品コード,FIGURE-017388,発売日,１６年０８月未定,ブランド名,ヴェルテクス,原作名,三国志大戦,キャラ名,何太后,造型師,
【あみあみ限定特典】ソードアート・オンラインシリカ1/8完成品フィギュア[ブロッコリー]《０７月予約》,備考,※あみあみ限定特典が付きます。,商品コード,FIGURE-017492,発売日,１６年０７月未定,ブランド名,ブロッコリー,原作名,ソードアート・オンライン,『ソードアート・オンライン』シリーズ,キャラ名,綾野珪子(シリカ),
戦場のヴァルキュリアDUELセルベリア・ブレス-EverlastingSummer-1/6完成品フィギュア[ヴェルテクス]《０７月予約》,備考,※あみあみ限定特典は付きません。,商品コード,FIGURE-017503,発売日,１６年０７月未定,ブランド名,ヴェルテクス,原作名,戦場のヴァルキュリア DUEL,『戦場のヴァルキュリア』シリーズ,キャラ名,セルベリア・ブレス,
【あみあみ限定特典】戦場のヴァルキュリアDUELセルベリア・ブレス-EverlastingSummer-1/6完成品フィギュア[ヴェルテクス]《０７月予約》,備考,※あみあみ限定特典が付きます。,商品コード,FIGURE-017504,発売日,１６年０７月未定,ブランド名,ヴェルテクス,原作名,戦場のヴァルキュリア DUEL,『戦場のヴァルキュリア』シリーズ,キャラ名,セルベリア・ブレス,
花の妖精さんマリア・ベルナール完成品フィギュア[ダイキ工業]《０８月予約》,商品コード,FIGURE-017706,発売日,１６年０８月未定,ブランド名,ダイキ工業,造型師,グラビアンスキー, ,<li class="selling_price_caption">商品ページQRコード,<li class="selling_price">,<img src="http://www.amiami.jp/top/qrcode?page=top%2Fdetail%2Fdetail%3Fscode%3DFIGURE-017706&size=100">, おまかせ！ログレコメンダー ,
【特典】エクセレントモデルCOREビキニ・ウォリアーズEXパラディン1/8完成品フィギュア[メガハウス]《０８月予約》,備考,※こちらの商品はメガトレショップ、あみあみ、他一部店舗限定での取り扱いとなります。,商品コード,FIGURE-017741,発売日,１６年０８月下旬,ブランド名,MegaHouse(メガハウス),シリーズ名,『エクセレントモデル』シリーズ,エクセレントモデルCORE,原作名,ビキニ・ウォリアーズ,
一騎当千ExtravaganzaEpoch趙雲子龍CamiVer.WHITE1/6完成品フィギュア[アイズ・プロジェクト]《０５月予約》,商品コード,FIGURE-017786,発売日,１６年０５月未定,ブランド名,AIZU PROJECT(アイズ・プロジェクト),シリーズ名,キャミ・シリーズ,原作名,一騎当千 Extravaganza Epoch,『一騎当千』シリーズ,キャラ名,趙雲子龍,
一騎当千ExtravaganzaEpoch趙雲子龍CamiVer.RED1/6完成品フィギュア[アイズ・プロジェクト]《０５月予約※暫定》,商品コード,FIGURE-017787,発売日,１６年０５月未定,ブランド名,AIZU PROJECT(アイズ・プロジェクト),シリーズ名,キャミ・シリーズ,原作名,一騎当千 Extravaganza Epoch,『一騎当千』シリーズ,キャラ名,趙雲子龍,
TVアニメ「GODEATER」橘サクヤ1/7完成品フィギュア[プラム]《０６月予約》,商品コード,FIGURE-017882,発売日,１６年０６月未定,ブランド名,ピーエムオフィスエー,PLUM(プラム),原作名,GOD EATER,『GOD EATER』シリーズ,キャラ名,橘サクヤ,<li class="selling_price_caption">商品ページQRコード,
ブラック・ブレットティナ・スプラウト～天誅ガールズVer.～1/7完成品フィギュア[プラム]《０７月予約》,備考,※あみあみ限定特典は付きません。,商品コード,FIGURE-017894,発売日,１６年０７月未定,ブランド名,ピーエムオフィスエー,PLUM(プラム),原作名,ブラック・ブレット,キャラ名,ティナ・スプラウト,
【あみあみ限定特典】ブラック・ブレットティナ・スプラウト～天誅ガールズVer.～1/7完成品フィギュア[プラム]《０７月予約》,備考,※あみあみ限定特典が付きます。,商品コード,FIGURE-017895,発売日,１６年０７月未定,ブランド名,ピーエムオフィスエー,PLUM(プラム),原作名,ブラック・ブレット,キャラ名,ティナ・スプラウト,
ラブライブ！スクールアイドルフェスティバル小泉花陽1/7完成品フィギュア[アルター]《１０月予約》,商品コード,FIGURE-018058,発売日,１６年１０月未定,ブランド名,ALTER(アルター),原作名,ラブライブ！スクールアイドルフェスティバル,『ラブライブ！』シリーズ,キャラ名,小泉花陽,造型師,稲垣洋,
アイドルマスターシンデレラガールズ島村卯月クリスタルナイトパーティVer.1/8完成品フィギュア[グッドスマイルカンパニー]《１０月予約》,商品コード,FIGURE-018124,発売日,１６年１０月未定,ブランド名,グッドスマイルカンパニー,原作名,THE IDOLM＠STER シンデレラガールズ,『THE IDOLM＠STER』シリーズ,キャラ名,島村卯月,造型師,佐々木界,
ヒロインメモリーズきまぐれオレンジ☆ロード鮎川まどか完成品フィギュア[メガハウス]《０９月予約》,商品コード,FIGURE-018268,発売日,１６年０９月下旬,ブランド名,MegaHouse(メガハウス),原作名,きまぐれオレンジ☆ロード,キャラ名,鮎川まどか,造型師,猫丸[山猫亭～nekohouse～], ,
DESKTOPREALMcCOY05ドラゴンボールZ孫悟空＆チチ完成品フィギュア[メガハウス]《０７月予約》,商品コード,FIGURE-018269,発売日,１６年０７月下旬,ブランド名,MegaHouse(メガハウス),シリーズ名,DESKTOP REAL McCOY,原作名,ドラゴンボール,『ドラゴンボール』シリーズ,キャラ名,孫悟空,
【特典】FLOWERKNIGHTGIRLオンシジューム1/7完成品フィギュア[プラム]《０９月予約》,備考,※あみあみ限定特典は付きません。,商品コード,FIGURE-018279,発売日,１６年０９月未定,ブランド名,ピーエムオフィスエー,PLUM(プラム),原作名,フラワーナイトガール,キャラ名,オンシジューム,
【あみあみ限定特典】【特典】FLOWERKNIGHTGIRLオンシジューム1/7完成品フィギュア[プラム]《０９月予約》,備考,※あみあみ限定特典が付きます。,商品コード,FIGURE-018280,発売日,１６年０９月未定,ブランド名,ピーエムオフィスエー,PLUM(プラム),原作名,フラワーナイトガール,キャラ名,オンシジューム,
ワルキューレロマンツェ[少女騎士物語]スィーリア-スク水・日焼けVer.-1/6完成品フィギュア[A＋]《０６月予約※暫定》,備考,※あみあみ限定特典は付きません。,商品コード,FIGURE-018292,発売日,１６年０６月未定,ブランド名,A＋(エイプラス),原作名,ワルキューレ・ロマンツェ,キャラ名,スィーリア・クマーニ・エイントリー,造型師,
E☆2(えつ)オリジナルキャラクターミミillustratedbyカントク1/7完成品フィギュア[オーキッドシード]《０９月予約》,商品コード,FIGURE-018363,発売日,１６年０９月未定,ブランド名,オーキッドシード,原作名,E☆2(えつ),キャラ名,ミミ,造型師,りぶん, ,
ClosedGAMEセリシア・ロックハート1/6完成品フィギュア[DRAGONToy]《０９月予約》,商品コード,FIGURE-018377,発売日,１６年０９月未定,ブランド名,DRAGON Toy(ドラゴントイ),原作名,Closed GAME,キャラ名,セシリア・ロックハート,造型師,ひろまん, ,
1/35ガールズ＆パンツァー劇場版継続高校フィギュアセット未塗装キット[プラッツ/RCベルグ]《０６月予約》,商品コード,FIGURE-018381,発売日,１６年０６月未定,ブランド名,Platz(プラッツ),RCベルグ(アールシーベルグ),原作名,ガールズ＆パンツァー 劇場版,ガールズ＆パンツァー,『ガールズ＆パンツァー』シリーズ,キャラ名,ミッコ,
1/35ガールズ＆パンツァー劇場版大学選抜チームフィギュアセット未塗装キット[プラッツ/RCベルグ]《０７月予約》,商品コード,FIGURE-018382,発売日,１６年０７月未定,ブランド名,Platz(プラッツ),RCベルグ(アールシーベルグ),原作名,ガールズ＆パンツァー 劇場版,ガールズ＆パンツァー,『ガールズ＆パンツァー』シリーズ,キャラ名,島田愛里寿,
いけないビキニのおねーさん笹木冴子流通限定1/6完成品フィギュア(宮沢模型流通限定)[ダイキ工業]《０８月予約》,商品コード,FIGURE-018396,発売日,１６年０８月未定,ブランド名,ダイキ工業,原作名,いけないビキニのおねーさん,キャラ名,笹木冴子,造型師,シュンゾー, ,
蒼の彼方のフォーリズム鳶沢みさき水着ver.1/7完成品フィギュア[回天堂]《０７月予約》,備考,※あみあみ限定特典は付きません。,商品コード,FIGURE-018509,発売日,１６年０７月未定,ブランド名,マベル,回天堂,原作名,蒼の彼方のフォーリズム,キャラ名,鳶沢みさき,
【あみあみ限定特典】蒼の彼方のフォーリズム鳶沢みさき水着ver.1/7完成品フィギュア[回天堂]《０７月予約》,備考,※あみあみ限定特典が付きます。,商品コード,FIGURE-018510,発売日,１６年０７月未定,ブランド名,マベル,回天堂,原作名,蒼の彼方のフォーリズム,キャラ名,鳶沢みさき,
朧村正弓弦葉1/8完成品フィギュア[アルター]《１０月予約》,商品コード,FIGURE-018539,発売日,１６年１０月未定,ブランド名,ALTER(アルター),原作名,朧村正,キャラ名,弓弦葉,造型師,たなか☆せんう, ,
THESEXSWEEPERS新条アキノ1/6完成品フィギュア[Q-six]《０８月予約》,備考,※あみあみ限定特典は付きません。,商品コード,FIGURE-018577,発売日,１６年０８月未定,ブランド名,Q-six(キューシックス),原作名,THE SEX SWEEPERS,キャラ名,新条アキノ,造型師,
THESEXSWEEPERS新条アキノ日焼けver.1/6完成品フィギュア[Q-six]《０８月予約》,備考,※あみあみ限定特典は付きません。,商品コード,FIGURE-018578,発売日,１６年０８月未定,ブランド名,Q-six(キューシックス),原作名,THE SEX SWEEPERS,キャラ名,新条アキノ,造型師,
グランブルーファンタジーレ・フィーエ1/8完成品フィギュア[リボルブ]《０３月予約》,備考,※あみあみ限定特典は付きません。,商品コード,FIGURE-018619,発売日,１７年０３月未定,ブランド名,リボルブ,原作名,GRANBLUE FANTASY,キャラ名,レ・フィーエ,造型師,
【あみあみ限定特典】グランブルーファンタジーレ・フィーエ1/8完成品フィギュア[リボルブ]《０３月予約》,備考,※あみあみ限定特典が付きます。,商品コード,FIGURE-018620,発売日,１７年０３月未定,ブランド名,リボルブ,原作名,GRANBLUE FANTASY,キャラ名,レ・フィーエ,造型師,
貞影イラスト夢魔アスタシア(Astacia)1/5.5完成品フィギュア[ダイキ工業]《１０月予約》,備考,※あみあみ限定特典は付きません。,商品コード,FIGURE-018642,発売日,１６年１０月未定,ブランド名,ダイキ工業,原作名,≪オリジナルキャラクター≫,キャラ名,アスタシア,造型師,
【あみあみ限定特典】セブンスドラゴンIIIcode：VFDルーンナイト(ウーリェ)1/7完成品フィギュア[ヴェルテクス]《１０月予約》,備考,※あみあみ限定特典が付きます。,商品コード,FIGURE-018717,発売日,１６年１０月未定,ブランド名,ヴェルテクス,原作名,セブンスドラゴンIII code：VFD,セブンスドラゴン,キャラ名,ルーンナイト(ウーリェ),
Fate/GrandOrderセイバー/アルトリア・ペンドラゴン[オルタ]ドレスVer.1/7完成品フィギュア[アルター]《１１月予約》,商品コード,FIGURE-018718,発売日,１６年１１月未定,ブランド名,ALTER(アルター),原作名,Fate/Grand Order,『Fate』シリーズ,キャラ名,セイバーオルタ,造型師,のぶた,
うたわれるもの偽りの仮面ネコネ1/7完成品フィギュア[ファニーナイツ]《０８月予約》,商品コード,FIGURE-018719,発売日,１６年０８月未定,ブランド名,アオシマ,ファニーナイツ,原作名,うたわれるもの 偽りの仮面,うたわれるもの,キャラ名,ネコネ,造型師,
あみあみ限定版サノバウィッチ椎葉紬1/7完成品フィギュア[ブロッコリー]《１０月予約》,備考,※あみあみ限定特典は付きません。,商品コード,FIGURE-018732,発売日,１６年１０月未定,ブランド名,ブロッコリー,原作名,サノバウィッチ,キャラ名,椎葉紬,造型師,
【あみあみ限定版＋限定特典】サノバウィッチ椎葉紬1/7完成品フィギュア[ブロッコリー]《１０月予約》,備考,※あみあみ限定特典が付きます。,商品コード,FIGURE-018733,発売日,１６年１０月未定,ブランド名,ブロッコリー,原作名,サノバウィッチ,キャラ名,椎葉紬,造型師,
【あみあみ限定特典】T2アート☆ガールズお嬢様のいたずら鐘火八重1/6完成品フィギュア（再販）[スカイチューブ]《１０月予約》,備考,※あみあみ限定特典が付きます。,商品コード,FIGURE-018734,発売日,１６年１０月未定,ブランド名,SkyTube(スカイチューブ),原作名,T2アート☆ガールズ,キャラ名,鐘火八重(お嬢様のいたずら),造型師,
【あみあみ限定特典】貞影イラスト夢魔アスタシア(Astacia)1/5.5完成品フィギュア[ダイキ工業]《１０月予約》,備考,※あみあみ限定特典が付きます。,商品コード,FIGURE-018735,発売日,１６年１０月未定,ブランド名,ダイキ工業,原作名,≪オリジナルキャラクター≫,キャラ名,アスタシア,造型師,
ねんどろいど艦隊これくしょん-艦これ-翔鶴[グッドスマイルカンパニー]《０９月予約》,備考,※こちらは「翔鶴」単品です。「瑞鶴」単品とまとめてご注文頂いても同時購入特典は付属しません。,商品コード,FIGURE-018739,発売日,１６年０９月未定,ブランド名,グッドスマイルカンパニー,シリーズ名,『ねんどろいど』シリーズ,ねんどろいど,原作名,艦隊これくしょん -艦これ-,
ねんどろいど艦隊これくしょん-艦これ-瑞鶴[グッドスマイルカンパニー]《０９月予約》,備考,※こちらは「瑞鶴」単品です。「翔鶴」単品とまとめてご注文頂いても同時購入特典は付属しません。,商品コード,FIGURE-018740,発売日,１６年０９月未定,ブランド名,グッドスマイルカンパニー,シリーズ名,『ねんどろいど』シリーズ,ねんどろいど,原作名,艦隊これくしょん -艦これ-,
【特典】ねんどろいど艦隊これくしょん-艦これ-翔鶴＆瑞鶴2種セット[グッドスマイルカンパニー]《０９月予約》,商品コード,FIGURE-018741,発売日,１６年０９月未定,ブランド名,グッドスマイルカンパニー,シリーズ名,『ねんどろいど』シリーズ,ねんどろいど,原作名,艦隊これくしょん -艦これ-,キャラ名,翔鶴,
艦隊これくしょん-艦これ-金剛1/7完成品フィギュア[ファット・カンパニー]《０９月予約》,商品コード,FIGURE-018742,発売日,１６年０９月未定,ブランド名,ファット・カンパニー,原作名,艦隊これくしょん -艦これ-,キャラ名,金剛,造型師,阿部昴大(Fenrir)/りゅういち(ピースメーカー), ,
B-STYLEIS〈インフィニット・ストラトス〉更識楯無バニーVer.1/4完成品フィギュア[フリーイング]《１０月予約》,商品コード,FIGURE-018743,発売日,１６年１０月未定,ブランド名,FREEing(フリーイング),シリーズ名,B-STYLE,原作名,IS〈インフィニット・ストラトス〉,『IS〈インフィニット・ストラトス〉』シリーズ,キャラ名,更識楯無,
艦隊これくしょん-艦これ-那珂ちゃん1/7完成品フィギュア[銀十字社]《１１月予約》,商品コード,FIGURE-018769,発売日,１６年１１月未定,ブランド名,銀十字社,原作名,艦隊これくしょん -艦これ-,キャラ名,那珂,造型師,潤[エルドラモデル], ,
Re：ゼロから始める異世界生活エミリア1/8完成品フィギュア[コトブキヤ]《０９月予約》,商品コード,FIGURE-018770,発売日,１６年０９月未定,ブランド名,KOTOBUKIYA(コトブキヤ),原作名,Re：ゼロから始める異世界生活,キャラ名,エミリア,造型師,うに子, ,
すーぱーそに子～カウガール～1/7完成品フィギュア[ヴェルテクス]《０８月予約》,商品コード,FIGURE-018772,発売日,１６年０８月未定,ブランド名,ヴェルテクス,原作名,『すーぱーそに子』シリーズ,ニトロプラス,キャラ名,すーぱーそに子,造型師,エルドラモデル with Q/株式会社エムアイシー,
艦隊これくしょん-艦これ-翔鶴改二1/7完成品フィギュア[ファニーナイツ]《０７月予約》,商品コード,FIGURE-018777,発売日,１６年０７月未定,ブランド名,アオシマ,ファニーナイツ,原作名,艦隊これくしょん -艦これ-,キャラ名,翔鶴,造型師,ユニテック、コケ[エム×ホリック],
アイドルマスターシンデレラガールズ渋谷凛1/8完成品フィギュア[ファット・カンパニー]《１０月予約》,商品コード,FIGURE-018815,発売日,１６年１０月未定,ブランド名,ファット・カンパニー,原作名,THE IDOLM＠STER シンデレラガールズ,『THE IDOLM＠STER』シリーズ,キャラ名,渋谷凛,造型師,間崎祐介,
S-styleプリパラ南みれぃ水着Ver.1/12塗装済み組み立てフィギュア[フリーイング]《０８月予約》,商品コード,FIGURE-018816,発売日,１６年０８月未定,ブランド名,FREEing(フリーイング),シリーズ名,S-style,原作名,プリパラ,『プリティーリズム』シリーズ,キャラ名,南みれぃ,
S-styleプリパラ東堂シオン水着Ver.1/12塗装済み組み立てフィギュア[フリーイング]《０８月予約》,商品コード,FIGURE-018817,発売日,１６年０８月未定,ブランド名,FREEing(フリーイング),シリーズ名,S-style,原作名,プリパラ,『プリティーリズム』シリーズ,キャラ名,東堂シオン,
すーぱーぽちゃ子生フィギュアパティシエVer.1/6完成品フィギュア[キャラアニ]《０８月予約※暫定》,商品コード,FIGURE-018818,発売日,１６年０８月未定,ブランド名,KADOKAWA,キャラアニ,原作名,すーぱーぽちゃ子,『すーぱーそに子』シリーズ,ニトロプラス,キャラ名,すーぱーぽちゃ子,
東方Projectレミリア・スカーレット［紅魔城伝説版］1/8完成品フィギュア[キューズQ]《１０月予約》,備考,※あみあみ限定特典は付きません。,商品コード,FIGURE-018870,発売日,１６年１０月未定,ブランド名,キューズQ,原作名,東方Project,キャラ名,レミリア・スカーレット,造型師,
一騎当千ExtravaganzaEpoch孫策伯符1/8完成品フィギュア[ニュービジョントイズ]《０８月予約》,商品コード,FIGURE-018871,発売日,１６年０８月下旬,ブランド名,ニュービジョントイズ,原作名,一騎当千 Extravaganza Epoch,『一騎当千』シリーズ,キャラ名,孫策伯符,造型師,中尾佳正,
【あみあみ限定特典】東方Projectレミリア・スカーレット［紅魔城伝説版］1/8完成品フィギュア[キューズQ]《１０月予約》,備考,※あみあみ限定特典が付きます。,商品コード,FIGURE-018873,発売日,１６年１０月未定,ブランド名,キューズQ,原作名,東方Project,キャラ名,レミリア・スカーレット,造型師,
キューポッシュヱヴァンゲリヲン新劇場版綾波レイ可動フィギュア[コトブキヤ]《０９月予約》,商品コード,FIGURE-018890,発売日,１６年０９月未定,ブランド名,KOTOBUKIYA(コトブキヤ),シリーズ名,キューポッシュ,原作名,ヱヴァンゲリヲン新劇場版：Ｑ,『ヱヴァンゲリヲン新劇場版』シリーズ,『エヴァンゲリオン』シリーズ,キャラ名,
キューポッシュヱヴァンゲリヲン新劇場版式波・アスカ・ラングレー可動フィギュア[コトブキヤ]《１０月予約》,商品コード,FIGURE-018891,発売日,１６年１０月未定,ブランド名,KOTOBUKIYA(コトブキヤ),シリーズ名,キューポッシュ,原作名,『ヱヴァンゲリヲン新劇場版』シリーズ,『エヴァンゲリオン』シリーズ,キャラ名,惣流・アスカ・ラングレー(式波・アスカ・ラングレー),
キューポッシュえくすとらえんじぇるパーカーせっと[コトブキヤ]《０９月予約》,商品コード,FIGURE-018892,発売日,１６年０９月未定,ブランド名,KOTOBUKIYA(コトブキヤ),シリーズ名,キューポッシュ,キューポッシュえくすとら,原作名,キューポッシュ,造型師,コトブキヤ,
キューポッシュえくすとらでびるパーカーせっと[コトブキヤ]《０９月予約》,商品コード,FIGURE-018893,発売日,１６年０９月未定,ブランド名,KOTOBUKIYA(コトブキヤ),シリーズ名,キューポッシュ,キューポッシュえくすとら,原作名,キューポッシュ,造型師,コトブキヤ,
Fate/EXTRACCCセイバー深紅の現代衣装完成品フィギュア[フレア]《１０月予約》,商品コード,FIGURE-018895,発売日,１６年１０月未定,ブランド名,フレア,原作名,Fate/EXTRA CCC,『Fate』シリーズ,キャラ名,セイバー(ネロ・クラウディウス),造型師,French Doll[Cerberus Project TM],
S.H.フィギュアーツ佐倉羽音(制服)＆CB400SUPERFOUR『ばくおん！！』[バンダイ]《０９月予約》,商品コード,FIGURE-018906,発売日,１６年０９月下旬,ブランド名,BANDAI(バンダイ),シリーズ名,S.H.フィギュアーツ,原作名,ばくおん!!,キャラ名,佐倉羽音,<li class="selling_price_caption">商品ページQRコード,
アーマーガールズプロジェクト艦これBismarckdrei『艦隊これくしょん-艦これ-』[バンダイ]《０８月予約》,商品コード,FIGURE-018907,発売日,１６年０８月下旬,ブランド名,BANDAI(バンダイ),シリーズ名,アーマーガールズプロジェクト,原作名,艦隊これくしょん -艦これ-,キャラ名,ビスマルク,<li class="selling_price_caption">商品ページQRコード,
フィギュアーツZEROフレイア・ヴィオン『マクロスΔ』[バンダイ]《０９月予約》,商品コード,FIGURE-018910,発売日,１６年０９月下旬,ブランド名,BANDAI(バンダイ),シリーズ名,フィギュアーツZERO(フィギュアーツゼロ),原作名,マクロスΔ,『マクロス』シリーズ,『超時空』シリーズ,キャラ名,
朧村正紺菊1/8完成品フィギュア（再販）[アルター]《１１月予約》,商品コード,FIGURE-018929,発売日,１６年１１月未定,ブランド名,ALTER(アルター),原作名,朧村正,キャラ名,紺菊,造型師,福元徳宝, ,
ねんどろいど紅殻のパンドラクラリオン[グッドスマイルカンパニー]《１０月予約》,商品コード,FIGURE-018932,発売日,１６年１０月未定,ブランド名,グッドスマイルカンパニー,シリーズ名,『ねんどろいど』シリーズ,ねんどろいど,原作名,紅殻のパンドラ,『攻殻機動隊』シリーズ,キャラ名,
ねんどろいど白猫プロジェクトミラ・フェンリエッタ[グッドスマイルカンパニー]《１０月予約》,商品コード,FIGURE-018933,発売日,１６年１０月未定,ブランド名,グッドスマイルカンパニー,シリーズ名,『ねんどろいど』シリーズ,ねんどろいど,原作名,白猫プロジェクト,キャラ名,ミラ・フェンリエッタ,
PLAMAXMF-05minimumfactoryストライクウィッチーズ劇場版宮藤芳佳1/20プラモデル[マックスファクトリー]《０９月予約》,商品コード,FIGURE-018934,発売日,１６年０９月未定,ブランド名,マックスファクトリー,シリーズ名,PLAMAX(プラマックス),原作名,ストライクウィッチーズ劇場版,『ストライクウィッチーズ』シリーズ,キャラ名,宮藤芳佳,
PLAMAXMF-06minimumfactoryストライクウィッチーズ劇場版坂本美緒1/20プラモデル[マックスファクトリー]《０９月予約》,商品コード,FIGURE-018935,発売日,１６年０９月未定,ブランド名,マックスファクトリー,シリーズ名,PLAMAX(プラマックス),原作名,ストライクウィッチーズ劇場版,『ストライクウィッチーズ』シリーズ,キャラ名,坂本美緒,
figmaarchetypenext:shegraycolorver.[マックスファクトリー]《１０月予約》,商品コード,FIGURE-018938,発売日,１６年１０月未定,ブランド名,マックスファクトリー,シリーズ名,figmaシリーズ,figma(フィグマ),造型師,浅井真紀, ,<li class="selling_price_caption">商品ページQRコード,
figmaarchetypenext：shefleshcolorver.[マックスファクトリー]《１０月予約》,商品コード,FIGURE-018940,発売日,１６年１０月未定,ブランド名,マックスファクトリー,シリーズ名,figmaシリーズ,figma(フィグマ),造型師,浅井真紀, ,<li class="selling_price_caption">商品ページQRコード,
エロマンガ先生和泉紗霧1/8完成品フィギュア[アクアマリン]《０９月予約》,商品コード,FIGURE-018941,発売日,１６年０９月未定,ブランド名,アクアマリン,原作名,エロマンガ先生,キャラ名,和泉紗霧,造型師,本田平八, ,
STATICARTSBUSTFINALFANTASYXIIIライトニングスタチュー[スクウェア・エニックス]《０９月予約》,商品コード,FIGURE-018952,発売日,１６年０９月未定,ブランド名,スクウェア・エニックス,シリーズ名,スタティックアーツ,STATIC ARTS BUST,原作名,ファイナルファンタジーXIII,『ファイナルファンタジー』シリーズ,キャラ名,
コイカノ×アイカノ2カバーイラスト天柿ひなた1/5.5完成品フィギュア[ダイキ工業]《１１月予約》,備考,※あみあみ限定特典は付きません。,商品コード,FIGURE-018954,発売日,１６年１１月未定,ブランド名,ダイキ工業,原作名,コイカノ×アイカノ,キャラ名,天柿ひなた,造型師,
ヨスガノソラ春日野穹1/7完成品フィギュア[アルファマックス]《１０月予約》,商品コード,FIGURE-018955,発売日,１６年１０月未定,ブランド名,アルファマックス,原作名,ヨスガノソラ,キャラ名,春日野穹,造型師,MOON, ,
フレームアームズ・ガールバーゼラルドプラモデル[コトブキヤ]《０９月予約》,商品コード,FIGURE-018956,発売日,１６年０９月未定,ブランド名,KOTOBUKIYA(コトブキヤ),シリーズ名,フレームアームズ,フレームアームズ・ガール,原作名,フレームアームズ,キャラ名,バーゼラルド,
ポリニアンエミール完成品アクションフィギュア[ダイバディプロダクション]《１１月予約》,商品コード,FIGURE-018960,発売日,１６年１１月未定,ブランド名,ダイバディプロダクション,シリーズ名,ポリニアン,原作名,ロボット新人類ポリニアン,キャラ名,エミール,<li class="selling_price_caption">商品ページQRコード,
ドリームテック蒼の彼方のフォーリズム倉科明日香1/8完成品フィギュア[WAVE]《０９月予約》,商品コード,FIGURE-018962,発売日,１６年０９月未定,ブランド名,WAVE(ウェーブ),シリーズ名,DreamTech(ドリームテック),原作名,蒼の彼方のフォーリズム,キャラ名,倉科明日香,造型師,
KEIKO’SBeautyLinecollectionNo.C625翡翠(ジェダイト)1/7完成品フィギュア[クルシマ製作所]《０８月予約》,商品コード,FIGURE-018963,発売日,１６年０８月未定,ブランド名,クルシマ製作所,シリーズ名,KEIKO’s Beauty Line collection,原作名,≪オリジナルキャラクター：クルシマ製作所≫,≪オリジナルキャラクター≫,キャラ名,翡翠(Jadeite),
【特典】てぃんくるオリジナルフィギュア雪月華舞-燐-完成品フィギュア[E☆2]《０８月予約》,商品コード,FIGURE-018972,発売日,１６年０８月中旬,ブランド名,E☆2(えつ),原作名,E☆2(えつ),造型師,宮川武, ,<li class="selling_price_caption">商品ページQRコード,<li class="selling_price">,
てぃんくるオリジナルフィギュア雪月華舞-燐-完成品フィギュア[E☆2]《０８月予約》,商品コード,FIGURE-018977,発売日,１６年０８月中旬,ブランド名,E☆2(えつ),原作名,E☆2(えつ),造型師,宮川武, ,<li class="selling_price_caption">商品ページQRコード,<li class="selling_price">,
りるびーシリーズひとり暮らしのOLを描きましたOLさん完成品フィギュア[A-TOYS]《０７月予約》,商品コード,FIGURE-019002,発売日,１６年０７月下旬,ブランド名,A-TOYS,原作名,ひとり暮らしのOLを描きました,キャラ名,OLさん,造型師,はつみスタジオ, ,
ハイスクールD×DBorNリアス・グレモリーFledgeVacation.1/6完成品フィギュア[A＋]《０６月予約》,商品コード,FIGURE-019050,発売日,１６年０６月下旬,ブランド名,A＋(エイプラス),原作名,ハイスクールD×D BorN,『ハイスクールD×D』シリーズ,キャラ名,リアス・グレモリー,造型師,龍佑,
【あみあみ限定特典】THESEXSWEEPERS新条アキノ1/6完成品フィギュア[Q-six]《０８月予約》,備考,※あみあみ限定特典が付きます。,商品コード,FIGURE-019067,発売日,１６年０８月未定,ブランド名,Q-six(キューシックス),原作名,THE SEX SWEEPERS,キャラ名,新条アキノ,造型師,
【あみあみ限定特典】THESEXSWEEPERS新条アキノ日焼けver.1/6完成品フィギュア[Q-six]《０８月予約》,備考,※あみあみ限定特典が付きます。,商品コード,FIGURE-019068,発売日,１６年０８月未定,ブランド名,Q-six(キューシックス),原作名,THE SEX SWEEPERS,キャラ名,新条アキノ,造型師,
ねんどろいどこ～でキャラクター・ボーカル・シリーズ01初音ミク赤い羽根共同募金運動創設70年記念コーデ[グッドスマイルカンパニー]《１０月予約》,商品コード,FIGURE-019097,発売日,１６年１０月未定,ブランド名,グッドスマイルカンパニー,シリーズ名,『ねんどろいど』シリーズ,ねんどろいどこ～で,原作名,『VOCALOID』シリーズ,キャラ名,初音ミク,
figmaVehicles1/12IV号戦車車外装備品セット(茶)[マックスファクトリー]《０８月予約》,商品コード,FIGURE-019099,発売日,１６年０８月未定,ブランド名,マックスファクトリー,シリーズ名,figmaシリーズ,figma Vehicles(フィグマビークルズ),造型師,柳生圭太[ランペイジ], ,<li class="selling_price_caption">商品ページQRコード,
B-STYLEIS〈インフィニット・ストラトス〉更識簪バニーVer.1/4完成品フィギュア[フリーイング]【送料無料】《１１月予約》,備考,※他の商品と同梱発送になる場合は別途送料が発生いたします。※代引手数料等、一部の決済手数料はご負担いただきます。,商品コード,FIGURE-019100,発売日,１６年１１月未定,ブランド名,FREEing(フリーイング),シリーズ名,B-STYLE,原作名,IS〈インフィニット・ストラトス〉,『IS〈インフィニット・ストラトス〉』シリーズ,
グリザイアの果実榊由美子-チェリーレッド-1/7完成品フィギュア[オーキッドシード]《０９月予約》,商品コード,FIGURE-019116,発売日,１６年０９月未定,ブランド名,オーキッドシード,原作名,グリザイアの果実,『グリザイア』シリーズ,キャラ名,榊由美子,造型師,みんへる[ブロンドパロット],
4-リーヴスToHeart2ダンジョントラベラーズファイターささら1/6完成品フィギュア[コトブキヤ]《１０月予約》,商品コード,FIGURE-019117,発売日,１６年１０月未定,ブランド名,KOTOBUKIYA(コトブキヤ),シリーズ名,4-リーヴス,原作名,ToHeart2 ダンジョントラベラーズ,『ダンジョントラベラーズ』シリーズ,キャラ名,久寿川ささら,
劇場版『遊☆戯☆王THEDARKSIDEOFDIMENSIONS』劇場版ブラック・マジシャン・ガール1/7完成品フィギュア（再販）[コトブキヤ]《１０月予約》,商品コード,FIGURE-019118,発売日,１６年１０月未定,ブランド名,KOTOBUKIYA(コトブキヤ),原作名,劇場版 遊☆戯☆王 THE DARK SIDE OF DIMENSIONS,『遊☆戯☆王』シリーズ,キャラ名,ブラック・マジシャン・ガール,造型師,白髭創,
クリティカ体術師SDVer.完成品フィギュア[knk]《０６月仮予約》,商品コード,FIGURE-019141,発売日,１６年０６月中旬,ブランド名,knk,原作名,KRITIKA（クリティカ）,キャラ名,体術師,<li class="selling_price_caption">商品ページQRコード,<li class="selling_price">,<img src="http://www.amiami.jp/top/qrcode?page=top%2Fdetail%2Fdetail%3Fscode%3DFIGURE-019141&size=100">,
「ハイスクール・フリート」晴風ガールズプロジェクト岬明乃　1/10完成品フィギュア[メガハウス]《０９月予約》,商品コード,FIGURE-019152,発売日,１６年０９月下旬,ブランド名,MegaHouse(メガハウス),原作名,ハイスクール・フリート,キャラ名,岬明乃,造型師,ろいん, ,
ねんどろいど艦隊これくしょん-艦これ-大鳳[グッドスマイルカンパニー]《０９月予約》,商品コード,FIGURE-019170,発売日,１６年０９月未定,ブランド名,グッドスマイルカンパニー,シリーズ名,『ねんどろいど』シリーズ,ねんどろいど,原作名,艦隊これくしょん -艦これ-,キャラ名,大鳳,
Fate/EXTRAキャスター［Fate/EXTRA］1/8完成品フィギュア（再販）[ファット・カンパニー]《１０月予約》,商品コード,FIGURE-019171,発売日,１６年１０月未定,ブランド名,ファット・カンパニー,シリーズ名,ファット・カンパニー 1/8 完成品フィギュア,原作名,Fate/EXTRA,『Fate』シリーズ,キャラ名,キャスター(玉藻の前),
【あみあみ限定特典】コイカノ×アイカノ2カバーイラスト天柿ひなた1/5.5完成品フィギュア[ダイキ工業]《１１月予約》,備考,※あみあみ限定特典が付きます。,商品コード,FIGURE-019178,発売日,１６年１１月未定,ブランド名,ダイキ工業,原作名,コイカノ×アイカノ,キャラ名,天柿ひなた,造型師,
ふしぎの海のナディアナディアやすらぎVer.1/7完成品フィギュア[ベルファイン]《０７月予約》,商品コード,FIGURE-019179,発売日,１６年０７月下旬,ブランド名,ベルファイン,原作名,ふしぎの海のナディア,キャラ名,ナディア,キング,造型師,桜坂美紀[チェリーブロッサム],
HORROR美少女シザーハンズ1/7完成品フィギュア[コトブキヤ]《１０月予約》,商品コード,FIGURE-019185,発売日,１６年１０月未定,ブランド名,KOTOBUKIYA(コトブキヤ),シリーズ名,美少女スタチュー,HORROR美少女,原作名,シザーハンズ,キャラ名,エドワード・シザーハンズ,
すーぱーぽちゃ子ランジェリーフットボール日焼けver.1/7完成品フィギュア[回天堂]《０８月予約》,備考,※あみあみ限定特典は付きません。,商品コード,FIGURE-019207,発売日,１６年０８月未定,ブランド名,マベル,回天堂,原作名,ニトロプラス,キャラ名,すーぱーぽちゃ子,
【あみあみ限定特典】すーぱーぽちゃ子ランジェリーフットボール日焼けver.1/7完成品フィギュア[回天堂]《０８月予約》,備考,※あみあみ限定特典が付きます。,商品コード,FIGURE-019208,発売日,１６年０８月未定,ブランド名,マベル,回天堂,原作名,ニトロプラス,キャラ名,すーぱーぽちゃ子,
うたわれるもの偽りの仮面ネコネ特典付き限定版1/7完成品フィギュア[ツクル(ノ)モリ]《０６月予約※暫定》,備考,※あみあみ限定特典は付きません。,商品コード,FIGURE-019209,発売日,１６年０６月下旬,ブランド名,ツクル(ノ)モリ,原作名,うたわれるもの 偽りの仮面,うたわれるもの,キャラ名,ネコネ,
【あみあみ限定特典】うたわれるもの偽りの仮面ネコネ特典付き限定版1/7完成品フィギュア[ツクル(ノ)モリ]《０６月予約》,備考,※あみあみ限定特典が付きます。,商品コード,FIGURE-019210,発売日,１６年０６月下旬,ブランド名,ツクル(ノ)モリ,原作名,うたわれるもの 偽りの仮面,うたわれるもの,キャラ名,ネコネ,
うたわれるもの偽りの仮面ネコネ通常版1/7完成品フィギュア[ツクル(ノ)モリ]《０６月予約》,商品コード,FIGURE-019211,発売日,１６年０６月下旬,ブランド名,ツクル(ノ)モリ,原作名,うたわれるもの 偽りの仮面,うたわれるもの,キャラ名,ネコネ,造型師,2.5次元ファクトリー,
戦艦少女Rミニシリーズレキシントン完成品フィギュア[ホビーマックス]《１０月予約》,商品コード,FIGURE-019244,発売日,１６年１０月未定,ブランド名,ホビーマックス(ほびーまっくす),原作名,戦艦少女R,キャラ名,レキシントン,造型師,kiking、JK, ,
この素晴らしい世界に祝福を！アクア1/8完成品フィギュア[ベルファイン]《０８月予約》,備考,※あみあみ限定特典は付きません。,商品コード,FIGURE-019246,発売日,１６年０８月下旬,ブランド名,ベルファイン,原作名,この素晴らしい世界に祝福を！,キャラ名,アクア,造型師,
【あみあみ限定特典】この素晴らしい世界に祝福を！アクア1/8完成品フィギュア[ベルファイン]《０８月予約》,備考,※あみあみ限定特典が付きます。,商品コード,FIGURE-019247,発売日,１６年０８月下旬,ブランド名,ベルファイン,原作名,この素晴らしい世界に祝福を！,キャラ名,アクア,造型師,
アイドルマスターシンデレラガールズ本田未央クリスタルナイトパーティVer.1/8完成品フィギュア[グッドスマイルカンパニー]《１２月予約》,商品コード,FIGURE-019277,発売日,１６年１２月未定,ブランド名,グッドスマイルカンパニー,原作名,THE IDOLM＠STER シンデレラガールズ,『THE IDOLM＠STER』シリーズ,キャラ名,本田未央,造型師,トモゴマフ,
Tony’sBunnySisters宇佐美深雪1/4完成品フィギュア[フリーイング]【送料無料】《１１月予約》,備考,※他の商品と同梱発送になる場合は別途送料が発生いたします。※代引手数料等、一部の決済手数料はご負担いただきます。,商品コード,FIGURE-019278,発売日,１６年１１月未定,ブランド名,FREEing(フリーイング),原作名,≪オリジナルキャラクター：Tony≫,キャラ名,宇佐美深雪,造型師,
ガールズ＆パンツァーあんこうチームフィギュアセット塗装済完成品（再販）[ぺあどっと]《０８月予約》,商品コード,FIGURE-019283,発売日,１６年０８月未定,ブランド名,ぺあどっと,原作名,ガールズ＆パンツァー,『ガールズ＆パンツァー』シリーズ,キャラ名,西住みほ,五十鈴華,秋山優花里,
キューポッシュガールズ＆パンツァー西住まほ可動フィギュア[コトブキヤ]《１０月予約》,商品コード,FIGURE-019299,発売日,１６年１０月未定,ブランド名,KOTOBUKIYA(コトブキヤ),原作名,ガールズ＆パンツァー,『ガールズ＆パンツァー』シリーズ,キャラ名,西住まほ,造型師,KEI TANAKA,
いまりあ愛原ほなみ1/6完成品フィギュア[スカイチューブ]《１２月予約》,商品コード,FIGURE-019309,発売日,１６年１２月未定,ブランド名,SkyTube(スカイチューブ),原作名,いまりあ,キャラ名,愛原ほなみ,造型師,2％, ,
Fate/Zeroセイバー＆セイバー・モータード・キュイラッシェ1/8完成品フィギュア（再販）[グッドスマイルカンパニー]《０２月予約》,商品コード,FIGURE-019323,発売日,１７年０２月未定,ブランド名,グッドスマイルカンパニー,原作名,Fate/Zero,『Fate』シリーズ,キャラ名,セイバー(アルトリア・ペンドラゴン),造型師,河原隆幸,
DimensionW百合崎ミラ1/8完成品フィギュア[グッドスマイルカンパニー]《１２月予約》,商品コード,FIGURE-019324,発売日,１６年１２月未定,ブランド名,グッドスマイルカンパニー,原作名,Dimension W,キャラ名,百合崎ミラ,造型師,加藤学, ,
ねんどろいどこの素晴らしい世界に祝福を！アクア[グッドスマイルカンパニー]《１１月予約》,商品コード,FIGURE-019325,発売日,１６年１１月未定,ブランド名,グッドスマイルカンパニー,シリーズ名,『ねんどろいど』シリーズ,ねんどろいど,原作名,この素晴らしい世界に祝福を！,キャラ名,アクア,
Tony’sBunnySisters宇佐美未夜1/4完成品フィギュア[フリーイング]《１１月予約》,商品コード,FIGURE-019327,発売日,１６年１１月未定,ブランド名,FREEing(フリーイング),シリーズ名,B-STYLE,原作名,≪オリジナルキャラクター：Tony≫,キャラ名,宇佐美未夜,造型師,
ランジェリースタイルIS〈インフィニット・ストラトス〉凰鈴音1/8完成品フィギュア[WAVE]《１０月予約》,商品コード,FIGURE-019328,発売日,１６年１０月未定,ブランド名,WAVE(ウェーブ),シリーズ名,DreamTech(ドリームテック),原作名,IS〈インフィニット・ストラトス〉,『IS〈インフィニット・ストラトス〉』シリーズ,キャラ名,凰鈴音(ファン・リンイン/ふぁん・りんいん),
FAIRYTAILエルザ・スカーレット・白猫Gravure_Style1/6完成品フィギュア[オルカトイズ]《１２月予約》,商品コード,FIGURE-019390,発売日,１６年１２月未定,ブランド名,ORCATOYS(オルカトイズ),原作名,FAIRY TAIL,キャラ名,エルザ・スカーレット,造型師,クラムジー零, ,
ワルキューレロマンツェMore＆More龍造寺茜1/6完成品フィギュア[A＋]《０７月予約》,商品コード,FIGURE-019391,発売日,１６年０７月下旬,ブランド名,A＋(エイプラス),原作名,ワルキューレ・ロマンツェ More＆More,ワルキューレ・ロマンツェ,キャラ名,龍造寺茜,造型師,龍佑,
ねんどろいど艦隊これくしょん-艦これ-時雨改二[グッドスマイルカンパニー]《１１月予約》,商品コード,FIGURE-019444,発売日,１６年１１月未定,ブランド名,グッドスマイルカンパニー,シリーズ名,『ねんどろいど』シリーズ,ねんどろいどこ～で,原作名,艦隊これくしょん -艦これ-,キャラ名,時雨,
ねんどろいどこ～でSEGAfeat.HATSUNEMIKUProject初音ミクスイートパンプキンコーデ[グッドスマイルカンパニー]《１０月予約》,商品コード,FIGURE-019445,発売日,１６年１０月未定,ブランド名,グッドスマイルカンパニー,シリーズ名,『ねんどろいど』シリーズ,ねんどろいどこ～で,原作名,『VOCALOID』シリーズ,キャラ名,初音ミク,
B-STYLEIS〈インフィニット・ストラトス〉凰鈴音バニーVer.1/4完成品フィギュア[フリーイング]《１２月予約》,商品コード,FIGURE-019446,発売日,１６年１２月未定,ブランド名,FREEing(フリーイング),シリーズ名,B-STYLE,原作名,IS〈インフィニット・ストラトス〉,『IS〈インフィニット・ストラトス〉』シリーズ,キャラ名,凰鈴音(ファン・リンイン/ふぁん・りんいん),
東方プロジェクト“悪魔の妹”フランドール・スカーレット1/8完成品フィギュア（再販）[キューズQ]《１１月予約》,備考,※あみあみ限定特典は付きません。,商品コード,FIGURE-019452,発売日,１６年１１月未定,ブランド名,キューズQ,原作名,東方Project,キャラ名,フランドール・スカーレット,造型師,
【あみあみ限定特典】東方プロジェクト“悪魔の妹”フランドール・スカーレット1/8完成品フィギュア（再販）[キューズQ]《１１月予約》,備考,※あみあみ限定特典が付きます。,商品コード,FIGURE-019453,発売日,１６年１１月未定,ブランド名,キューズQ,原作名,東方Project,キャラ名,フランドール・スカーレット,造型師,
グランブルーファンタジーダヌア1/8完成品フィギュア[コトブキヤ]《１０月予約》,商品コード,FIGURE-019470,発売日,１６年１０月未定,ブランド名,KOTOBUKIYA(コトブキヤ),原作名,GRANBLUE FANTASY,キャラ名,ダヌア,造型師,松本江永, ,
七つの大罪魔王黙示録嫉妬の章レヴィアタン叛傑ホットパンツノ節桃色ノ項1/7完成品フィギュア[オーキッドシード]《１０月予約》,商品コード,FIGURE-019476,発売日,１６年１０月未定,ブランド名,オーキッドシード,原作名,七つの大罪,キャラ名,レヴィアタン,造型師,タナカマサノリ[ジェットストリーム], ,
ねんどろいどブブキ・ブランキ朝吹黄金+右手ちゃんセット[グッドスマイルカンパニー]《１１月予約》,商品コード,FIGURE-019493,発売日,１６年１１月未定,ブランド名,グッドスマイルカンパニー,シリーズ名,『ねんどろいど』シリーズ,ねんどろいど,原作名,ブブキ・ブランキ,キャラ名,朝吹黄金,
figma艦隊これくしょん-艦これ-プリンツ・オイゲン[マックスファクトリー]《１１月予約》,商品コード,FIGURE-019495,発売日,１６年１１月未定,ブランド名,マックスファクトリー,シリーズ名,figmaシリーズ,figma(フィグマ),原作名,艦隊これくしょん -艦これ-,キャラ名,プリンツ・オイゲン,
ガールズ＆パンツァー西住みほ制服＆あんこうスーツVer.1/4完成品フィギュア[フリーイング]《１０月予約》,商品コード,FIGURE-019496,発売日,１６年１０月未定,ブランド名,FREEing(フリーイング),原作名,ガールズ＆パンツァー,『ガールズ＆パンツァー』シリーズ,キャラ名,西住みほ,造型師,FREEing,
少女前線少女前線モーゼルKar98K1/8完成品フィギュア[ホビーマックス]《１２月予約》,商品コード,FIGURE-019497,発売日,１６年１２月未定,ブランド名,ホビーマックス(ほびーまっくす),原作名,少女前線,キャラ名,モーゼルKar98K,造型師,瑪雅, ,
朧村正百姫～OIRONAOSHI～1/8完成品フィギュア[アルター]《１２月予約》,商品コード,FIGURE-019501,発売日,１６年１２月未定,ブランド名,ALTER(アルター),原作名,朧村正,キャラ名,百姫,造型師,福元徳宝, ,
すーぱーぽちゃ子日焼けVer.1/3完成品ポリレジンフィギュア[A-TOYS]【同梱不可】【送料無料】《０８月予約》,備考,※商品形態等の都合上、他の商品との同梱発送はできません。※代引手数料等、一部の決済手数料はご負担いただきます。,商品コード,FIGURE-019518,発売日,１６年０８月未定,ブランド名,A-TOYS,原作名,『すーぱーそに子』シリーズ,ニトロプラス,キャラ名,すーぱーぽちゃ子,
アーマーガールズプロジェクト魂MIXモンスターハンター地を暗黒に染めし黒蝕の竜姫[バンダイ]《１０月予約》,商品コード,FIGURE-019528,発売日,１６年１０月下旬,ブランド名,BANDAI(バンダイ),シリーズ名,アーマーガールズプロジェクト,原作名,『モンスターハンター』シリーズ,キャラ名,ゴア・マガラ,<li class="selling_price_caption">商品ページQRコード,
ポリニアンユメ(F/G)リニューアル版完成品アクションフィギュア（再販）[ダイバディプロダクション]《１１月予約》,商品コード,FIGURE-019540,発売日,１６年１１月未定,ブランド名,ダイバディプロダクション,シリーズ名,ポリニアン,原作名,ロボット新人類ポリニアン,キャラ名,ユメ,<li class="selling_price_caption">商品ページQRコード,
艦隊これくしょん-艦これ-大井改二1/8完成品フィギュア[キューズQ]《１０月予約》,商品コード,FIGURE-019552,発売日,１６年１０月未定,ブランド名,キューズQ,原作名,艦隊これくしょん -艦これ-,キャラ名,大井,造型師,ケロリソ, ,
figmaFate/EXTRAキャスター[マックスファクトリー]《１０月予約》,商品コード,FIGURE-019560,発売日,１６年１０月未定,ブランド名,マックスファクトリー,シリーズ名,figmaシリーズ,figma(フィグマ),原作名,Fate/EXTRA,『Fate』シリーズ,キャラ名,
HOBBYHORSEMODELSゾンビーガール1/8ポリストーン塗装済完成品フィギュア（再販）[回天堂]《０９月予約》,商品コード,FIGURE-019570,発売日,１６年０９月未定,ブランド名,マベル,回天堂,造型師,石井遊, ,<li class="selling_price_caption">商品ページQRコード,<li class="selling_price">,<img src="http://www.amiami.jp/top/qrcode?page=top%2Fdetail%2Fdetail%3Fscode%3DFIGURE-019570&size=100">,
HOBBYHORSEMODELSゾンビーガールリペイント1/8ポリストーン塗装済完成品フィギュア[回天堂]《０９月予約》,商品コード,FIGURE-019571,発売日,１６年０９月未定,ブランド名,マベル,回天堂,造型師,石井遊, ,<li class="selling_price_caption">商品ページQRコード,<li class="selling_price">,<img src="http://www.amiami.jp/top/qrcode?page=top%2Fdetail%2Fdetail%3Fscode%3DFIGURE-019571&size=100">,
フレームアームズ・ガール迅雷IndigoVer.プラモデル[コトブキヤ]《１０月予約》,商品コード,FIGURE-019586,発売日,１６年１０月未定,ブランド名,KOTOBUKIYA(コトブキヤ),シリーズ名,フレームアームズ,フレームアームズ・ガール,原作名,フレームアームズ,キャラ名,迅雷,
そにアニすーぱーそに子レーシングVer.1/7完成品フィギュア[マックスファクトリー]《０１月予約》,商品コード,FIGURE-019628,発売日,１７年０１月未定,ブランド名,マックスファクトリー,原作名,そにアニ,『すーぱーそに子』シリーズ,ニトロプラス,キャラ名,すーぱーそに子,造型師,
デビルサバイバー2ブレイクレコード菅野史1/8完成品フィギュア[ファット・カンパニー]《１２月予約》,商品コード,FIGURE-019629,発売日,１６年１２月未定,ブランド名,ファット・カンパニー,原作名,デビルサバイバー2,『デビルサバイバー』シリーズ,『女神転生』シリーズ,キャラ名,菅野史,造型師,
DCCOMICS美少女DCUNIVERSEワンダーガール1/7完成品フィギュア[コトブキヤ]《１１月予約》,商品コード,FIGURE-019684,発売日,１６年１１月未定,ブランド名,KOTOBUKIYA(コトブキヤ),シリーズ名,美少女スタチュー,DC COMICS美少女(DC×美少女),原作名,DCコミックス,キャラ名,ワンダーウーマン(ダイアナ),
カプコンフィギュアビルダークリエイターズモデルヴァンパイアモリガン・アーンスランド(ナースVer.)完成品フィギュア[カプコン]《０９月予約》,商品コード,FIGURE-019688,発売日,１６年０９月下旬,ブランド名,カプコン,シリーズ名,カプコンフィギュアビルダー,カプコンフィギュアビルダー クリエイターズモデル,原作名,ヴァンパイア,『ヴァンパイア』シリーズ,キャラ名,
マッシュルームパーティードクツルタケ完成品フィギュア[エクスプラス]《０６月予約》,商品コード,FIGURE-019694,発売日,１６年０６月未定,ブランド名,X-PLUS(エクスプラス),原作名,マッシュルームパーティー,キャラ名,ドクツルタケ,造型師,行平咲、小川クロ, ,
B-STYLEガールズ＆パンツァー秋山優花里制服＆あんこうスーツVer.1/4完成品フィギュア[フリーイング]《１１月予約》,商品コード,FIGURE-019720,発売日,１６年１１月未定,ブランド名,FREEing(フリーイング),シリーズ名,B-STYLE,原作名,ガールズ＆パンツァー,『ガールズ＆パンツァー』シリーズ,キャラ名,秋山優花里,
【特典】エクセレントモデルCOREビキニ・ウォリアーズEXヴァルキリー1/8完成品フィギュア[メガハウス]《１０月予約》,備考,※一部店舗限定特典が付属します。,商品コード,FIGURE-019726,発売日,１６年１０月下旬,ブランド名,MegaHouse(メガハウス),シリーズ名,『エクセレントモデル』シリーズ,エクセレントモデルCORE,原作名,ビキニ・ウォリアーズ,
【特典】エクセレントモデル神羅万象チョコ魔戦姫アスモディエス1/8完成品フィギュア[メガハウス]《０９月予約》,備考,※一部店舗限定特典が付属します。,商品コード,FIGURE-019727,発売日,１６年０９月下旬,ブランド名,MegaHouse(メガハウス),シリーズ名,『エクセレントモデル』シリーズ,エクセレントモデル,原作名,神羅万象,
一騎当千ExtravaganzaEpoch趙雲子龍CamiVer.開眼WHITE1/6完成品フィギュア[アイズ・プロジェクト]《０８月予約》,商品コード,FIGURE-019755,発売日,１６年０８月未定,ブランド名,AIZU PROJECT(アイズ・プロジェクト),シリーズ名,キャミ・シリーズ,原作名,一騎当千 Extravaganza Epoch,『一騎当千』シリーズ,キャラ名,趙雲子龍,
一騎当千ExtravaganzaEpoch趙雲子龍CamiVer.開眼BLACK1/6完成品フィギュア[アイズ・プロジェクト]《０８月予約》,商品コード,FIGURE-019756,発売日,１６年０８月未定,ブランド名,AIZU PROJECT(アイズ・プロジェクト),シリーズ名,キャミ・シリーズ,原作名,一騎当千 Extravaganza Epoch,『一騎当千』シリーズ,キャラ名,趙雲子龍,
ねんどろいどNEWGAME！涼風青葉[グッドスマイルカンパニー]《１０月予約》,商品コード,FIGURE-019807,発売日,１６年１０月未定,ブランド名,グッドスマイルカンパニー,シリーズ名,『ねんどろいど』シリーズ,ねんどろいど,原作名,NEW GAME！,キャラ名,涼風青葉,
六花の勇者フレミー・スピッドロウ1/8完成品フィギュア[フリーイング]《１０月予約》,商品コード,FIGURE-019809,発売日,１６年１０月未定,ブランド名,FREEing(フリーイング),原作名,六花の勇者,キャラ名,フレミー・スピッドロウ,造型師,ヤドカリ, ,
ご注文はうさぎですか？？シャロバニーVer.1/7完成品フィギュア[キャラアニ]《０９月予約》,商品コード,FIGURE-019810,発売日,１６年０９月未定,ブランド名,KADOKAWA,キャラアニ,原作名,ご注文はうさぎですか？？,ご注文はうさぎですか？,キャラ名,桐間紗路(シャロ),造型師,
ARTFXJサクラ大戦真宮寺さくら1/8完成品フィギュア[コトブキヤ]《１０月予約》,商品コード,FIGURE-019811,発売日,１６年１０月未定,ブランド名,KOTOBUKIYA(コトブキヤ),シリーズ名,ARTFXシリーズ,ARTFX J,原作名,サクラ大戦,『サクラ大戦』シリーズ,キャラ名,
艦隊これくしょん-艦これ-瑞鶴改二1/7完成品フィギュア[ファニーナイツ]《０９月予約》,商品コード,FIGURE-019815,発売日,１６年０９月未定,ブランド名,アオシマ,ファニーナイツ,原作名,艦隊これくしょん -艦これ-,キャラ名,瑞鶴,造型師,ユニテック、コケ[エム×ホリック],
閃乱カグラ葛城お祭りVer.1/6完成品フィギュア[アミエ・グラン]《１０月予約》,商品コード,FIGURE-019822,発売日,１６年１０月未定,ブランド名,アミエ・グラン,原作名,閃乱カグラ ESTIVAL VERSUS -少女達の選択-,閃乱カグラ,『閃乱カグラ』シリーズ,キャラ名,葛城,造型師,
B-STYLE一騎当千ExtravaganzaEpoch孫策伯符バニーVer.1/4完成品フィギュア[フリーイング]《１１月予約》,商品コード,FIGURE-019847,発売日,１６年１１月未定,ブランド名,FREEing(フリーイング),シリーズ名,B-STYLE,原作名,一騎当千 Extravaganza Epoch,『一騎当千』シリーズ,キャラ名,孫策伯符,
キューポッシュフレンズアリス-Alice-可動フィギュア[コトブキヤ]《１１月予約》,商品コード,FIGURE-019848,発売日,１６年１１月未定,ブランド名,KOTOBUKIYA(コトブキヤ),原作名,キューポッシュ,キャラ名,アリス,造型師,KEITANAKA, ,
巨乳ファンタジーアイシス1/6完成品フィギュア[レチェリー]《０９月予約》,商品コード,FIGURE-019872,発売日,１６年０９月未定,ブランド名,マベル,LECHERY(レチェリー),原作名,巨乳ファンタジー,キャラ名,アイシス・ペトロヴナ・エレンスカヤ,造型師,回天堂,
艦隊これくしょん-艦これ-PrinzEugen(プリンツ・オイゲン)1/8完成品フィギュア[グッドスマイルカンパニー]《０１月予約》,商品コード,FIGURE-019874,発売日,１７年０１月未定,ブランド名,グッドスマイルカンパニー,原作名,艦隊これくしょん -艦これ-,キャラ名,プリンツ・オイゲン,造型師,浦川顕法[Beehive], ,
パルフォム艦隊これくしょん-艦これ-時雨改二可動フィギュア[ファット・カンパニー]《１２月予約》,商品コード,FIGURE-019875,発売日,１６年１２月未定,ブランド名,ファット・カンパニー,シリーズ名,パルフォム,原作名,艦隊これくしょん -艦これ-,キャラ名,時雨,造型師,
アイドルマスター双海亜美＆双海真美1/8完成品フィギュア[ファット・カンパニー]《１２月予約》,商品コード,FIGURE-019876,発売日,１６年１２月未定,ブランド名,ファット・カンパニー,原作名,THE IDOLM＠STER,『THE IDOLM＠STER』シリーズ,キャラ名,双海亜美,双海真美,造型師,
冴えない彼女の育てかた加藤恵水着style1/8完成品フィギュア[アクアマリン]《１０月予約》,商品コード,FIGURE-019877,発売日,１６年１０月未定,ブランド名,アクアマリン,原作名,冴えない彼女の育てかた,キャラ名,加藤恵,造型師,イクリエ, ,
俺の妹がこんなに可愛いわけがない。黒猫～Fromthebedroom～cute！1/7完成品フィギュア[オルカトイズ]《０９月予約》,商品コード,FIGURE-019878,発売日,１６年０９月未定,ブランド名,ORCATOYS(オルカトイズ),原作名,俺の妹がこんなに可愛いわけがない。,俺の妹がこんなに可愛いわけがない,キャラ名,黒猫(五更瑠璃),造型師,内嶋靖浩[essence.],
神曲のグリモワール美夜=リンドブルーム1/6完成品フィギュア[DRAGONToy]《１０月予約》,商品コード,FIGURE-019893,発売日,１６年１０月未定,ブランド名,DRAGON Toy(ドラゴントイ),原作名,神曲のグリモワール,キャラ名,美夜=リンドブルーム,造型師,honey[DRAGON Toy], ,
